date,station,CO
01/01/2010,Bnei_Brak_Jabotinsky,1.584615385
16/01/2010,Bnei_Brak_Jabotinsky,1.5
01/02/2010,Bnei_Brak_Jabotinsky,
16/02/2010,Bnei_Brak_Jabotinsky,1.207692308
01/03/2010,Bnei_Brak_Jabotinsky,1.173333333
16/03/2010,Bnei_Brak_Jabotinsky,0.7125
01/04/2010,Bnei_Brak_Jabotinsky,0.686666667
16/04/2010,Bnei_Brak_Jabotinsky,0.646666667
01/05/2010,Bnei_Brak_Jabotinsky,0.606666667
16/05/2010,Bnei_Brak_Jabotinsky,0.3
01/06/2010,Bnei_Brak_Jabotinsky,0.2
16/06/2010,Bnei_Brak_Jabotinsky,0.3
01/07/2010,Bnei_Brak_Jabotinsky,0.9
16/07/2010,Bnei_Brak_Jabotinsky,1.18125
01/08/2010,Bnei_Brak_Jabotinsky,1.16
16/08/2010,Bnei_Brak_Jabotinsky,1.18125
01/09/2010,Bnei_Brak_Jabotinsky,1.06
16/09/2010,Bnei_Brak_Jabotinsky,1.106666667
01/10/2010,Bnei_Brak_Jabotinsky,1.006666667
16/10/2010,Bnei_Brak_Jabotinsky,0.9
01/11/2010,Bnei_Brak_Jabotinsky,0.946666667
16/11/2010,Bnei_Brak_Jabotinsky,0.978571429
01/12/2010,Bnei_Brak_Jabotinsky,1.277777778
16/12/2010,Bnei_Brak_Jabotinsky,1.113333333
01/01/2011,Bnei_Brak_Jabotinsky,0.926666667
16/01/2011,Bnei_Brak_Jabotinsky,0.94375
01/02/2011,Bnei_Brak_Jabotinsky,1.06
16/02/2011,Bnei_Brak_Jabotinsky,0.7
01/03/2011,Bnei_Brak_Jabotinsky,0.226666667
16/03/2011,Bnei_Brak_Jabotinsky,0.46
01/04/2011,Bnei_Brak_Jabotinsky,0.506666667
16/04/2011,Bnei_Brak_Jabotinsky,0.48
01/05/2011,Bnei_Brak_Jabotinsky,0.46
16/05/2011,Bnei_Brak_Jabotinsky,0.290909091
01/06/2011,Bnei_Brak_Jabotinsky,0.633333333
16/06/2011,Bnei_Brak_Jabotinsky,0.726666667
01/07/2011,Bnei_Brak_Jabotinsky,0.733333333
16/07/2011,Bnei_Brak_Jabotinsky,0.5
01/08/2011,Bnei_Brak_Jabotinsky,0.142857143
16/08/2011,Bnei_Brak_Jabotinsky,0.4
01/09/2011,Bnei_Brak_Jabotinsky,0.4
16/09/2011,Bnei_Brak_Jabotinsky,0.285714286
01/10/2011,Bnei_Brak_Jabotinsky,0.272727273
16/10/2011,Bnei_Brak_Jabotinsky,0.48
01/11/2011,Bnei_Brak_Jabotinsky,0.346666667
16/11/2011,Bnei_Brak_Jabotinsky,0.26
01/12/2011,Bnei_Brak_Jabotinsky,0.853333333
16/12/2011,Bnei_Brak_Jabotinsky,0.925
01/01/2012,Bnei_Brak_Jabotinsky,0.407142857
16/01/2012,Bnei_Brak_Jabotinsky,0.45
01/02/2012,Bnei_Brak_Jabotinsky,0.466666667
16/02/2012,Bnei_Brak_Jabotinsky,0.421428571
01/03/2012,Bnei_Brak_Jabotinsky,0.346666667
16/03/2012,Bnei_Brak_Jabotinsky,0.3875
01/04/2012,Bnei_Brak_Jabotinsky,0.86
16/04/2012,Bnei_Brak_Jabotinsky,0.42
01/05/2012,Bnei_Brak_Jabotinsky,0.2
16/05/2012,Bnei_Brak_Jabotinsky,0.44375
01/06/2012,Bnei_Brak_Jabotinsky,0.82
16/06/2012,Bnei_Brak_Jabotinsky,1.026666667
01/07/2012,Bnei_Brak_Jabotinsky,1.093333333
16/07/2012,Bnei_Brak_Jabotinsky,0.50625
01/08/2012,Bnei_Brak_Jabotinsky,0.193333333
16/08/2012,Bnei_Brak_Jabotinsky,0.2875
01/09/2012,Bnei_Brak_Jabotinsky,0.406666667
16/09/2012,Bnei_Brak_Jabotinsky,0.393333333
01/10/2012,Bnei_Brak_Jabotinsky,0.393333333
16/10/2012,Bnei_Brak_Jabotinsky,0.425
01/11/2012,Bnei_Brak_Jabotinsky,0.5
16/11/2012,Bnei_Brak_Jabotinsky,0.48
01/12/2012,Bnei_Brak_Jabotinsky,0.4
16/12/2012,Bnei_Brak_Jabotinsky,0.4625
01/01/2013,Bnei_Brak_Jabotinsky,0.42
16/01/2013,Bnei_Brak_Jabotinsky,0.446666667
01/02/2013,Bnei_Brak_Jabotinsky,0.45
16/02/2013,Bnei_Brak_Jabotinsky,0.842857143
01/03/2013,Bnei_Brak_Jabotinsky,0.493333333
16/03/2013,Bnei_Brak_Jabotinsky,0.464285714
01/04/2013,Bnei_Brak_Jabotinsky,0.426666667
16/04/2013,Bnei_Brak_Jabotinsky,0.446666667
01/05/2013,Bnei_Brak_Jabotinsky,0.393333333
16/05/2013,Bnei_Brak_Jabotinsky,0.35625
01/06/2013,Bnei_Brak_Jabotinsky,0.326666667
16/06/2013,Bnei_Brak_Jabotinsky,0.346666667
01/07/2013,Bnei_Brak_Jabotinsky,0.326666667
16/07/2013,Bnei_Brak_Jabotinsky,0.378571429
01/08/2013,Bnei_Brak_Jabotinsky,0.4
16/08/2013,Bnei_Brak_Jabotinsky,0.39375
01/09/2013,Bnei_Brak_Jabotinsky,0.36
16/09/2013,Bnei_Brak_Jabotinsky,0.293333333
01/10/2013,Bnei_Brak_Jabotinsky,0.38
16/10/2013,Bnei_Brak_Jabotinsky,0.5625
01/11/2013,Bnei_Brak_Jabotinsky,0.533333333
16/11/2013,Bnei_Brak_Jabotinsky,0.74
01/12/2013,Bnei_Brak_Jabotinsky,0.7
16/12/2013,Bnei_Brak_Jabotinsky,0.85
01/01/2014,Bnei_Brak_Jabotinsky,0.706666667
16/01/2014,Bnei_Brak_Jabotinsky,0.75
01/02/2014,Bnei_Brak_Jabotinsky,0.62
16/02/2014,Bnei_Brak_Jabotinsky,0.592307692
01/03/2014,Bnei_Brak_Jabotinsky,0.453333333
16/03/2014,Bnei_Brak_Jabotinsky,0.4125
01/04/2014,Bnei_Brak_Jabotinsky,0.406666667
16/04/2014,Bnei_Brak_Jabotinsky,0.3
01/05/2014,Bnei_Brak_Jabotinsky,0.326666667
16/05/2014,Bnei_Brak_Jabotinsky,0.33125
01/06/2014,Bnei_Brak_Jabotinsky,0.286666667
16/06/2014,Bnei_Brak_Jabotinsky,0.313333333
01/07/2014,Bnei_Brak_Jabotinsky,0.333333333
16/07/2014,Bnei_Brak_Jabotinsky,0.3
01/08/2014,Bnei_Brak_Jabotinsky,0.36
16/08/2014,Bnei_Brak_Jabotinsky,0.3875
01/09/2014,Bnei_Brak_Jabotinsky,0.373333333
16/09/2014,Bnei_Brak_Jabotinsky,0.34
01/10/2014,Bnei_Brak_Jabotinsky,0.5
16/10/2014,Bnei_Brak_Jabotinsky,0.575
01/11/2014,Bnei_Brak_Jabotinsky,0.726666667
16/11/2014,Bnei_Brak_Jabotinsky,0.586666667
01/12/2014,Bnei_Brak_Jabotinsky,0.933333333
16/12/2014,Bnei_Brak_Jabotinsky,0.9
01/01/2015,Bnei_Brak_Jabotinsky,0.566666667
16/01/2015,Bnei_Brak_Jabotinsky,0.9875
01/02/2015,Bnei_Brak_Jabotinsky,0.657142857
16/02/2015,Bnei_Brak_Jabotinsky,0.591666667
01/03/2015,Bnei_Brak_Jabotinsky,0.473333333
16/03/2015,Bnei_Brak_Jabotinsky,0.4875
01/04/2015,Bnei_Brak_Jabotinsky,0.433333333
16/04/2015,Bnei_Brak_Jabotinsky,0.506666667
01/05/2015,Bnei_Brak_Jabotinsky,0.44
16/05/2015,Bnei_Brak_Jabotinsky,0.4375
01/06/2015,Bnei_Brak_Jabotinsky,0.393333333
16/06/2015,Bnei_Brak_Jabotinsky,0.446666667
01/07/2015,Bnei_Brak_Jabotinsky,0.4
16/07/2015,Bnei_Brak_Jabotinsky,0.48125
01/08/2015,Bnei_Brak_Jabotinsky,0.466666667
16/08/2015,Bnei_Brak_Jabotinsky,0.425
01/09/2015,Bnei_Brak_Jabotinsky,0.486666667
16/09/2015,Bnei_Brak_Jabotinsky,0.42
01/10/2015,Bnei_Brak_Jabotinsky,0.453333333
16/10/2015,Bnei_Brak_Jabotinsky,0.61875
01/11/2015,Bnei_Brak_Jabotinsky,0.66
16/11/2015,Bnei_Brak_Jabotinsky,0.76
01/12/2015,Bnei_Brak_Jabotinsky,0.76
16/12/2015,Bnei_Brak_Jabotinsky,0.853846154
01/01/2016,Bnei_Brak_Jabotinsky,0.692307692
16/01/2016,Bnei_Brak_Jabotinsky,0.73125
01/02/2016,Bnei_Brak_Jabotinsky,0.88
16/02/2016,Bnei_Brak_Jabotinsky,0.657142857
01/03/2016,Bnei_Brak_Jabotinsky,0.566666667
16/03/2016,Bnei_Brak_Jabotinsky,0.4
01/04/2016,Bnei_Brak_Jabotinsky,0.484615385
16/04/2016,Bnei_Brak_Jabotinsky,0.486666667
01/05/2016,Bnei_Brak_Jabotinsky,0.446666667
16/05/2016,Bnei_Brak_Jabotinsky,0.436363636
01/06/2016,Bnei_Brak_Jabotinsky,0.473333333
16/06/2016,Bnei_Brak_Jabotinsky,0.446666667
01/07/2016,Bnei_Brak_Jabotinsky,0.426666667
16/07/2016,Bnei_Brak_Jabotinsky,0.4
01/08/2016,Bnei_Brak_Jabotinsky,0.486666667
16/08/2016,Bnei_Brak_Jabotinsky,0.43125
01/09/2016,Bnei_Brak_Jabotinsky,0.426666667
16/09/2016,Bnei_Brak_Jabotinsky,0.446666667
01/10/2016,Bnei_Brak_Jabotinsky,0.52
16/10/2016,Bnei_Brak_Jabotinsky,0.5625
01/11/2016,Bnei_Brak_Jabotinsky,0.7
16/11/2016,Bnei_Brak_Jabotinsky,0.566666667
01/12/2016,Bnei_Brak_Jabotinsky,0.593333333
16/12/2016,Bnei_Brak_Jabotinsky,0.55
01/01/2017,Bnei_Brak_Jabotinsky,0.607142857
16/01/2017,Bnei_Brak_Jabotinsky,0.692307692
01/02/2017,Bnei_Brak_Jabotinsky,0.633333333
16/02/2017,Bnei_Brak_Jabotinsky,0.7
01/03/2017,Bnei_Brak_Jabotinsky,0.535714286
16/03/2017,Bnei_Brak_Jabotinsky,0.525
01/04/2017,Bnei_Brak_Jabotinsky,0.466666667
16/04/2017,Bnei_Brak_Jabotinsky,0.6
01/05/2017,Bnei_Brak_Jabotinsky,0.46
16/05/2017,Bnei_Brak_Jabotinsky,0.4125
01/06/2017,Bnei_Brak_Jabotinsky,0.393333333
16/06/2017,Bnei_Brak_Jabotinsky,0.421428571
01/07/2017,Bnei_Brak_Jabotinsky,0.466666667
16/07/2017,Bnei_Brak_Jabotinsky,0.442857143
01/08/2017,Bnei_Brak_Jabotinsky,0.5
16/08/2017,Bnei_Brak_Jabotinsky,0.4875
01/09/2017,Bnei_Brak_Jabotinsky,0.5
16/09/2017,Bnei_Brak_Jabotinsky,0.486666667
01/10/2017,Bnei_Brak_Jabotinsky,0.46
16/10/2017,Bnei_Brak_Jabotinsky,0.5625
01/11/2017,Bnei_Brak_Jabotinsky,0.613333333
16/11/2017,Bnei_Brak_Jabotinsky,0.626666667
01/12/2017,Bnei_Brak_Jabotinsky,0.84
16/12/2017,Bnei_Brak_Jabotinsky,0.907142857
01/01/2018,Bnei_Brak_Jabotinsky,0.607142857
16/01/2018,Bnei_Brak_Jabotinsky,0.575
01/02/2018,Bnei_Brak_Jabotinsky,0.9
16/02/2018,Bnei_Brak_Jabotinsky,0.538461538
01/03/2018,Bnei_Brak_Jabotinsky,0.623076923
16/03/2018,Bnei_Brak_Jabotinsky,0.5875
01/04/2018,Bnei_Brak_Jabotinsky,0.44
16/04/2018,Bnei_Brak_Jabotinsky,0.446666667
01/05/2018,Bnei_Brak_Jabotinsky,0.478571429
16/05/2018,Bnei_Brak_Jabotinsky,0.475
01/06/2018,Bnei_Brak_Jabotinsky,0.426666667
16/06/2018,Bnei_Brak_Jabotinsky,0.4
01/07/2018,Bnei_Brak_Jabotinsky,0.433333333
16/07/2018,Bnei_Brak_Jabotinsky,0.43125
01/08/2018,Bnei_Brak_Jabotinsky,0.483333333
16/08/2018,Bnei_Brak_Jabotinsky,0.461538462
01/09/2018,Bnei_Brak_Jabotinsky,0.542857143
16/09/2018,Bnei_Brak_Jabotinsky,0.693333333
01/10/2018,Bnei_Brak_Jabotinsky,0.442857143
16/10/2018,Bnei_Brak_Jabotinsky,0.46875
01/11/2018,Bnei_Brak_Jabotinsky,0.555555556
16/11/2018,Bnei_Brak_Jabotinsky,0.693333333
01/12/2018,Bnei_Brak_Jabotinsky,0.463636364
16/12/2018,Bnei_Brak_Jabotinsky,0.53125
01/01/2019,Bnei_Brak_Jabotinsky,0.523076923
16/01/2019,Bnei_Brak_Jabotinsky,0.6375
01/02/2019,Bnei_Brak_Jabotinsky,0.493333333
16/02/2019,Bnei_Brak_Jabotinsky,0.523076923
01/03/2019,Bnei_Brak_Jabotinsky,0.478571429
16/03/2019,Bnei_Brak_Jabotinsky,0.41875
01/04/2019,Bnei_Brak_Jabotinsky,0.48
16/04/2019,Bnei_Brak_Jabotinsky,0.353846154
01/05/2019,Bnei_Brak_Jabotinsky,0.323076923
16/05/2019,Bnei_Brak_Jabotinsky,0.5125
01/06/2019,Bnei_Brak_Jabotinsky,0.378571429
16/06/2019,Bnei_Brak_Jabotinsky,0.422222222
01/07/2019,Bnei_Brak_Jabotinsky,0.4
16/07/2019,Bnei_Brak_Jabotinsky,0.39375
01/08/2019,Bnei_Brak_Jabotinsky,0.406666667
16/08/2019,Bnei_Brak_Jabotinsky,0.44375
01/09/2019,Bnei_Brak_Jabotinsky,0.42
16/09/2019,Bnei_Brak_Jabotinsky,0.44
01/10/2019,Bnei_Brak_Jabotinsky,0.42
16/10/2019,Bnei_Brak_Jabotinsky,0.46875
01/11/2019,Bnei_Brak_Jabotinsky,0.573333333
16/11/2019,Bnei_Brak_Jabotinsky,0.463636364
01/12/2019,Bnei_Brak_Jabotinsky,0.48
16/12/2019,Bnei_Brak_Jabotinsky,0.614285714
01/01/2020,Bnei_Brak_Jabotinsky,0.442857143
16/01/2020,Bnei_Brak_Jabotinsky,0.475
01/02/2020,Bnei_Brak_Jabotinsky,0.56
16/02/2020,Bnei_Brak_Jabotinsky,0.442857143
01/03/2020,Bnei_Brak_Jabotinsky,0.5
16/03/2020,Bnei_Brak_Jabotinsky,0.34375
01/04/2020,Bnei_Brak_Jabotinsky,0.273333333
16/04/2020,Bnei_Brak_Jabotinsky,0.333333333
01/05/2020,Bnei_Brak_Jabotinsky,0.32
16/05/2020,Bnei_Brak_Jabotinsky,0.357142857
01/06/2020,Bnei_Brak_Jabotinsky,0.333333333
16/06/2020,Bnei_Brak_Jabotinsky,0.326666667
01/07/2020,Bnei_Brak_Jabotinsky,0.34
16/07/2020,Bnei_Brak_Jabotinsky,0.33125
01/08/2020,Bnei_Brak_Jabotinsky,0.386666667
16/08/2020,Bnei_Brak_Jabotinsky,0.425
01/09/2020,Bnei_Brak_Jabotinsky,0.486666667
16/09/2020,Bnei_Brak_Jabotinsky,0.38
01/10/2020,Bnei_Brak_Jabotinsky,0.426666667
16/10/2020,Bnei_Brak_Jabotinsky,0.425
01/11/2020,Bnei_Brak_Jabotinsky,0.446666667
16/11/2020,Bnei_Brak_Jabotinsky,0.5
01/12/2020,Bnei_Brak_Jabotinsky,0.718181818
16/12/2020,Bnei_Brak_Jabotinsky,0.5125
01/01/2021,Bnei_Brak_Jabotinsky,0.673333333
16/01/2021,Bnei_Brak_Jabotinsky,0.41875
01/02/2021,Bnei_Brak_Jabotinsky,0.52
16/02/2021,Bnei_Brak_Jabotinsky,0.384615385
01/03/2021,Bnei_Brak_Jabotinsky,0.357142857
16/03/2021,Bnei_Brak_Jabotinsky,0.1
01/04/2021,Bnei_Brak_Jabotinsky,0.366666667
16/04/2021,Bnei_Brak_Jabotinsky,0.493333333
01/05/2021,Bnei_Brak_Jabotinsky,0.426666667
16/05/2021,Bnei_Brak_Jabotinsky,0.3375
01/06/2021,Bnei_Brak_Jabotinsky,0.16
16/06/2021,Bnei_Brak_Jabotinsky,0.193333333
01/07/2021,Bnei_Brak_Jabotinsky,0.273333333
16/07/2021,Bnei_Brak_Jabotinsky,0.2625
01/08/2021,Bnei_Brak_Jabotinsky,0.393333333
16/08/2021,Bnei_Brak_Jabotinsky,0.33125
01/09/2021,Bnei_Brak_Jabotinsky,0.3
16/09/2021,Bnei_Brak_Jabotinsky,0.293333333
01/10/2021,Bnei_Brak_Jabotinsky,0.353333333
16/10/2021,Bnei_Brak_Jabotinsky,0.35625
01/11/2021,Bnei_Brak_Jabotinsky,0.4
16/11/2021,Bnei_Brak_Jabotinsky,0.586666667
01/12/2021,Bnei_Brak_Jabotinsky,0.606666667
16/12/2021,Bnei_Brak_Jabotinsky,0.43125
01/01/2022,Bnei_Brak_Jabotinsky,0.513333333
16/01/2022,Bnei_Brak_Jabotinsky,0.35
01/02/2022,Bnei_Brak_Jabotinsky,0.46
16/02/2022,Bnei_Brak_Jabotinsky,0.376923077
01/03/2022,Bnei_Brak_Jabotinsky,0.313333333
16/03/2022,Bnei_Brak_Jabotinsky,0.3125
01/04/2022,Bnei_Brak_Jabotinsky,0.413333333
16/04/2022,Bnei_Brak_Jabotinsky,0.306666667
01/05/2022,Bnei_Brak_Jabotinsky,0.306666667
16/05/2022,Bnei_Brak_Jabotinsky,0.375
01/06/2022,Bnei_Brak_Jabotinsky,0.34
16/06/2022,Bnei_Brak_Jabotinsky,0.306666667
01/07/2022,Bnei_Brak_Jabotinsky,0.306666667
16/07/2022,Bnei_Brak_Jabotinsky,0.3
01/08/2022,Bnei_Brak_Jabotinsky,0.293333333
16/08/2022,Bnei_Brak_Jabotinsky,0.2875
01/09/2022,Bnei_Brak_Jabotinsky,0.273333333
16/09/2022,Bnei_Brak_Jabotinsky,0.22
01/10/2022,Bnei_Brak_Jabotinsky,0.213333333
16/10/2022,Bnei_Brak_Jabotinsky,0.19375
01/11/2022,Bnei_Brak_Jabotinsky,0.286666667
16/11/2022,Bnei_Brak_Jabotinsky,0.22
01/12/2022,Bnei_Brak_Jabotinsky,0.38
16/12/2022,Bnei_Brak_Jabotinsky,0.29375
01/01/2023,Bnei_Brak_Jabotinsky,0.326666667
16/01/2023,Bnei_Brak_Jabotinsky,0.433333333
01/02/2023,Bnei_Brak_Jabotinsky,0.24
16/02/2023,Bnei_Brak_Jabotinsky,0.408333333
01/03/2023,Bnei_Brak_Jabotinsky,0.254545455
16/03/2023,Bnei_Brak_Jabotinsky,0.24375
01/04/2023,Bnei_Brak_Jabotinsky,0.378571429
16/04/2023,Bnei_Brak_Jabotinsky,0.286666667
01/05/2023,Bnei_Brak_Jabotinsky,0.28
16/05/2023,Bnei_Brak_Jabotinsky,0.275
01/06/2023,Bnei_Brak_Jabotinsky,0.3
16/06/2023,Bnei_Brak_Jabotinsky,0.3
01/07/2023,Bnei_Brak_Jabotinsky,0.273333333
16/07/2023,Bnei_Brak_Jabotinsky,0.3
01/08/2023,Bnei_Brak_Jabotinsky,0.246666667
16/08/2023,Bnei_Brak_Jabotinsky,0.2375
01/09/2023,Bnei_Brak_Jabotinsky,0.373333333
16/09/2023,Bnei_Brak_Jabotinsky,0.54
01/10/2023,Bnei_Brak_Jabotinsky,0.5
16/10/2023,Bnei_Brak_Jabotinsky,0.40625
01/11/2023,Bnei_Brak_Jabotinsky,0.433333333
16/11/2023,Bnei_Brak_Jabotinsky,0.34
01/12/2023,Bnei_Brak_Jabotinsky,0.626666667
16/12/2023,Bnei_Brak_Jabotinsky,0.90625
01/01/2024,Bnei_Brak_Jabotinsky,1.08
16/01/2024,Bnei_Brak_Jabotinsky,0.62
01/02/2024,Bnei_Brak_Jabotinsky,0.686666667
16/02/2024,Bnei_Brak_Jabotinsky,0.792857143
01/03/2024,Bnei_Brak_Jabotinsky,0.833333333
16/03/2024,Bnei_Brak_Jabotinsky,0.80625
01/04/2024,Bnei_Brak_Jabotinsky,0.906666667
16/04/2024,Bnei_Brak_Jabotinsky,0.9
01/05/2024,Bnei_Brak_Jabotinsky,0.913333333
16/05/2024,Bnei_Brak_Jabotinsky,0.94375
01/06/2024,Bnei_Brak_Jabotinsky,0.86
16/06/2024,Bnei_Brak_Jabotinsky,0.88
01/07/2024,Bnei_Brak_Jabotinsky,0.8
16/07/2024,Bnei_Brak_Jabotinsky,0.85625
01/08/2024,Bnei_Brak_Jabotinsky,0.793333333
16/08/2024,Bnei_Brak_Jabotinsky,0.84375
01/09/2024,Bnei_Brak_Jabotinsky,0.893333333
16/09/2024,Bnei_Brak_Jabotinsky,0.92
01/10/2024,Bnei_Brak_Jabotinsky,0.893333333
16/10/2024,Bnei_Brak_Jabotinsky,0.91875
01/11/2024,Bnei_Brak_Jabotinsky,0.986666667
16/11/2024,Bnei_Brak_Jabotinsky,1.046666667
01/12/2024,Bnei_Brak_Jabotinsky,1.06
16/12/2024,Bnei_Brak_Jabotinsky,0.673333333
01/01/2025,Bnei_Brak_Jabotinsky,0.786666667
16/01/2025,Bnei_Brak_Jabotinsky,0.8125
01/02/2025,Bnei_Brak_Jabotinsky,0.766666667
16/02/2025,Bnei_Brak_Jabotinsky,0.683333333
01/01/2010,Bnei_brak_highway4,1.793333333
16/01/2010,Bnei_brak_highway4,1.46875
01/02/2010,Bnei_brak_highway4,1.446666667
16/02/2010,Bnei_brak_highway4,1.415384615
01/03/2010,Bnei_brak_highway4,1.513333333
16/03/2010,Bnei_brak_highway4,1.16875
01/04/2010,Bnei_brak_highway4,1.24
16/04/2010,Bnei_brak_highway4,1.293333333
01/05/2010,Bnei_brak_highway4,1.313333333
16/05/2010,Bnei_brak_highway4,1.15
01/06/2010,Bnei_brak_highway4,1.166666667
16/06/2010,Bnei_brak_highway4,1.186666667
01/07/2010,Bnei_brak_highway4,1.025
16/07/2010,Bnei_brak_highway4,
01/08/2010,Bnei_brak_highway4,
16/08/2010,Bnei_brak_highway4,1.22
01/09/2010,Bnei_brak_highway4,1.12
16/09/2010,Bnei_brak_highway4,1.186666667
01/10/2010,Bnei_brak_highway4,1.264285714
16/10/2010,Bnei_brak_highway4,1.40625
01/11/2010,Bnei_brak_highway4,1.533333333
16/11/2010,Bnei_brak_highway4,1.733333333
01/12/2010,Bnei_brak_highway4,1.693333333
16/12/2010,Bnei_brak_highway4,1.71875
01/01/2011,Bnei_brak_highway4,1.453333333
16/01/2011,Bnei_brak_highway4,1.46875
01/02/2011,Bnei_brak_highway4,1.386666667
16/02/2011,Bnei_brak_highway4,1.253846154
01/03/2011,Bnei_brak_highway4,1.286666667
16/03/2011,Bnei_brak_highway4,1.31875
01/04/2011,Bnei_brak_highway4,1.3
16/04/2011,Bnei_brak_highway4,1.193333333
01/05/2011,Bnei_brak_highway4,1.114285714
16/05/2011,Bnei_brak_highway4,1.14375
01/06/2011,Bnei_brak_highway4,0.366666667
16/06/2011,Bnei_brak_highway4,0.306666667
01/07/2011,Bnei_brak_highway4,0.413333333
16/07/2011,Bnei_brak_highway4,0.4
01/08/2011,Bnei_brak_highway4,0.393333333
16/08/2011,Bnei_brak_highway4,0.45
01/09/2011,Bnei_brak_highway4,0.753846154
16/09/2011,Bnei_brak_highway4,0.58
01/10/2011,Bnei_brak_highway4,0.593333333
16/10/2011,Bnei_brak_highway4,0.51875
01/11/2011,Bnei_brak_highway4,0.6
16/11/2011,Bnei_brak_highway4,0.673333333
01/12/2011,Bnei_brak_highway4,0.813333333
16/12/2011,Bnei_brak_highway4,0.72
01/01/2012,Bnei_brak_highway4,0.546666667
16/01/2012,Bnei_brak_highway4,0.525
01/02/2012,Bnei_brak_highway4,0.63
16/02/2012,Bnei_brak_highway4,0.592857143
01/03/2012,Bnei_brak_highway4,0.466666667
16/03/2012,Bnei_brak_highway4,0.4125
01/04/2012,Bnei_brak_highway4,0.446666667
16/04/2012,Bnei_brak_highway4,0.406666667
01/05/2012,Bnei_brak_highway4,0.46
16/05/2012,Bnei_brak_highway4,0.41875
01/06/2012,Bnei_brak_highway4,0.413333333
16/06/2012,Bnei_brak_highway4,0.44
01/07/2012,Bnei_brak_highway4,0.48
16/07/2012,Bnei_brak_highway4,0.5125
01/08/2012,Bnei_brak_highway4,0.553333333
16/08/2012,Bnei_brak_highway4,0.5125
01/09/2012,Bnei_brak_highway4,0.5
16/09/2012,Bnei_brak_highway4,0.473333333
01/10/2012,Bnei_brak_highway4,0.486666667
16/10/2012,Bnei_brak_highway4,0.65625
01/11/2012,Bnei_brak_highway4,0.686666667
16/11/2012,Bnei_brak_highway4,0.706666667
01/12/2012,Bnei_brak_highway4,0.663636364
16/12/2012,Bnei_brak_highway4,0.70625
01/01/2013,Bnei_brak_highway4,0.606666667
16/01/2013,Bnei_brak_highway4,0.675
01/02/2013,Bnei_brak_highway4,0.575
16/02/2013,Bnei_brak_highway4,0.446153846
01/03/2013,Bnei_brak_highway4,0.413333333
16/03/2013,Bnei_brak_highway4,0.35625
01/04/2013,Bnei_brak_highway4,0.346666667
16/04/2013,Bnei_brak_highway4,0.430769231
01/05/2013,Bnei_brak_highway4,0.393333333
16/05/2013,Bnei_brak_highway4,0.35625
01/06/2013,Bnei_brak_highway4,0.333333333
16/06/2013,Bnei_brak_highway4,0.293333333
01/07/2013,Bnei_brak_highway4,0.266666667
16/07/2013,Bnei_brak_highway4,0.5375
01/08/2013,Bnei_brak_highway4,0.371428571
16/08/2013,Bnei_brak_highway4,0.36875
01/09/2013,Bnei_brak_highway4,0.38
16/09/2013,Bnei_brak_highway4,0.366666667
01/10/2013,Bnei_brak_highway4,0.453333333
16/10/2013,Bnei_brak_highway4,0.55
01/11/2013,Bnei_brak_highway4,0.566666667
16/11/2013,Bnei_brak_highway4,0.666666667
01/12/2013,Bnei_brak_highway4,0.592307692
16/12/2013,Bnei_brak_highway4,0.993333333
01/01/2014,Bnei_brak_highway4,0.96
16/01/2014,Bnei_brak_highway4,0.80625
01/02/2014,Bnei_brak_highway4,0.593333333
16/02/2014,Bnei_brak_highway4,0.584615385
01/03/2014,Bnei_brak_highway4,0.464285714
16/03/2014,Bnei_brak_highway4,0.471428571
01/04/2014,Bnei_brak_highway4,0.446666667
16/04/2014,Bnei_brak_highway4,0.386666667
01/05/2014,Bnei_brak_highway4,0.330769231
16/05/2014,Bnei_brak_highway4,0.4
01/06/2014,Bnei_brak_highway4,0.306666667
16/06/2014,Bnei_brak_highway4,0.433333333
01/07/2014,Bnei_brak_highway4,0.476923077
16/07/2014,Bnei_brak_highway4,0.31875
01/08/2014,Bnei_brak_highway4,0.386666667
16/08/2014,Bnei_brak_highway4,0.44
01/09/2014,Bnei_brak_highway4,0.386666667
16/09/2014,Bnei_brak_highway4,0.313333333
01/10/2014,Bnei_brak_highway4,0.486666667
16/10/2014,Bnei_brak_highway4,0.463636364
01/11/2014,Bnei_brak_highway4,0.613333333
16/11/2014,Bnei_brak_highway4,0.533333333
01/12/2014,Bnei_brak_highway4,0.74
16/12/2014,Bnei_brak_highway4,0.7
01/01/2015,Bnei_brak_highway4,0.446666667
16/01/2015,Bnei_brak_highway4,0.825
01/02/2015,Bnei_brak_highway4,0.593333333
16/02/2015,Bnei_brak_highway4,0.484615385
01/03/2015,Bnei_brak_highway4,0.413333333
16/03/2015,Bnei_brak_highway4,0.35
01/04/2015,Bnei_brak_highway4,0.333333333
16/04/2015,Bnei_brak_highway4,0.406666667
01/05/2015,Bnei_brak_highway4,0.486666667
16/05/2015,Bnei_brak_highway4,0.44375
01/06/2015,Bnei_brak_highway4,0.453333333
16/06/2015,Bnei_brak_highway4,0.52
01/07/2015,Bnei_brak_highway4,0.5
16/07/2015,Bnei_brak_highway4,0.575
01/08/2015,Bnei_brak_highway4,0.566666667
16/08/2015,Bnei_brak_highway4,0.53125
01/09/2015,Bnei_brak_highway4,0.593333333
16/09/2015,Bnei_brak_highway4,0.56
01/10/2015,Bnei_brak_highway4,0.626666667
16/10/2015,Bnei_brak_highway4,0.8125
01/11/2015,Bnei_brak_highway4,0.726666667
16/11/2015,Bnei_brak_highway4,0.553333333
01/12/2015,Bnei_brak_highway4,0.68
16/12/2015,Bnei_brak_highway4,0.90625
01/01/2016,Bnei_brak_highway4,0.916666667
16/01/2016,Bnei_brak_highway4,
01/02/2016,Bnei_brak_highway4,1.6
16/02/2016,Bnei_brak_highway4,0.341666667
01/03/2016,Bnei_brak_highway4,0.746666667
16/03/2016,Bnei_brak_highway4,0.71875
01/04/2016,Bnei_brak_highway4,0.946666667
16/04/2016,Bnei_brak_highway4,0.52
01/05/2016,Bnei_brak_highway4,0.466666667
16/05/2016,Bnei_brak_highway4,0.54375
01/06/2016,Bnei_brak_highway4,0.693333333
16/06/2016,Bnei_brak_highway4,0.826666667
01/07/2016,Bnei_brak_highway4,0.846666667
16/07/2016,Bnei_brak_highway4,0.7875
01/08/2016,Bnei_brak_highway4,0.84
16/08/2016,Bnei_brak_highway4,0.775
01/09/2016,Bnei_brak_highway4,0.786666667
16/09/2016,Bnei_brak_highway4,0.833333333
01/10/2016,Bnei_brak_highway4,0.853333333
16/10/2016,Bnei_brak_highway4,0.9625
01/11/2016,Bnei_brak_highway4,0.78
16/11/2016,Bnei_brak_highway4,0.733333333
01/12/2016,Bnei_brak_highway4,0.946666667
16/12/2016,Bnei_brak_highway4,0.664285714
01/01/2017,Bnei_brak_highway4,0.673333333
16/01/2017,Bnei_brak_highway4,0.73125
01/02/2017,Bnei_brak_highway4,0.74
16/02/2017,Bnei_brak_highway4,0.792307692
01/03/2017,Bnei_brak_highway4,0.62
16/03/2017,Bnei_brak_highway4,0.5375
01/04/2017,Bnei_brak_highway4,0.513333333
16/04/2017,Bnei_brak_highway4,0.506666667
01/05/2017,Bnei_brak_highway4,0.538461538
16/05/2017,Bnei_brak_highway4,0.49375
01/06/2017,Bnei_brak_highway4,0.466666667
16/06/2017,Bnei_brak_highway4,0.52
01/07/2017,Bnei_brak_highway4,0.52
16/07/2017,Bnei_brak_highway4,0.469230769
01/08/2017,Bnei_brak_highway4,0.4
16/08/2017,Bnei_brak_highway4,0.384615385
01/09/2017,Bnei_brak_highway4,0.42
16/09/2017,Bnei_brak_highway4,0.353333333
01/10/2017,Bnei_brak_highway4,0.346666667
16/10/2017,Bnei_brak_highway4,0.4375
01/11/2017,Bnei_brak_highway4,0.406666667
16/11/2017,Bnei_brak_highway4,0.42
01/12/2017,Bnei_brak_highway4,0.473333333
16/12/2017,Bnei_brak_highway4,0.54375
01/01/2018,Bnei_brak_highway4,0.386666667
16/01/2018,Bnei_brak_highway4,0.3125
01/02/2018,Bnei_brak_highway4,0.513333333
16/02/2018,Bnei_brak_highway4,0.3
01/03/2018,Bnei_brak_highway4,0.326666667
16/03/2018,Bnei_brak_highway4,0.333333333
01/04/2018,Bnei_brak_highway4,0.22
16/04/2018,Bnei_brak_highway4,0.22
01/05/2018,Bnei_brak_highway4,0.246666667
16/05/2018,Bnei_brak_highway4,0.23125
01/06/2018,Bnei_brak_highway4,0.233333333
16/06/2018,Bnei_brak_highway4,0.233333333
01/07/2018,Bnei_brak_highway4,0.341666667
16/07/2018,Bnei_brak_highway4,0.45625
01/08/2018,Bnei_brak_highway4,0.446666667
16/08/2018,Bnei_brak_highway4,0.45625
01/09/2018,Bnei_brak_highway4,0.46
16/09/2018,Bnei_brak_highway4,0.5
01/10/2018,Bnei_brak_highway4,0.466666667
16/10/2018,Bnei_brak_highway4,0.51875
01/11/2018,Bnei_brak_highway4,0.573333333
16/11/2018,Bnei_brak_highway4,0.757142857
01/12/2018,Bnei_brak_highway4,0.493333333
16/12/2018,Bnei_brak_highway4,0.590909091
01/01/2019,Bnei_brak_highway4,0.52
16/01/2019,Bnei_brak_highway4,0.5875
01/02/2019,Bnei_brak_highway4,0.493333333
16/02/2019,Bnei_brak_highway4,0.5
01/03/2019,Bnei_brak_highway4,0.513333333
16/03/2019,Bnei_brak_highway4,0.533333333
01/04/2019,Bnei_brak_highway4,0.5625
16/04/2019,Bnei_brak_highway4,0.458333333
01/05/2019,Bnei_brak_highway4,0.506666667
16/05/2019,Bnei_brak_highway4,0.61875
01/06/2019,Bnei_brak_highway4,0.48
16/06/2019,Bnei_brak_highway4,0.52
01/07/2019,Bnei_brak_highway4,0.52
16/07/2019,Bnei_brak_highway4,0.49375
01/08/2019,Bnei_brak_highway4,0.52
16/08/2019,Bnei_brak_highway4,0.5375
01/09/2019,Bnei_brak_highway4,0.42
16/09/2019,Bnei_brak_highway4,0.46
01/10/2019,Bnei_brak_highway4,0.42
16/10/2019,Bnei_brak_highway4,0.442857143
01/11/2019,Bnei_brak_highway4,0.573333333
16/11/2019,Bnei_brak_highway4,0.56
01/12/2019,Bnei_brak_highway4,0.52
16/12/2019,Bnei_brak_highway4,0.6
01/01/2020,Bnei_brak_highway4,0.478571429
16/01/2020,Bnei_brak_highway4,0.5
01/02/2020,Bnei_brak_highway4,0.44
16/02/2020,Bnei_brak_highway4,0.478571429
01/03/2020,Bnei_brak_highway4,0.513333333
16/03/2020,Bnei_brak_highway4,0.35625
01/04/2020,Bnei_brak_highway4,0.34
16/04/2020,Bnei_brak_highway4,0.36
01/05/2020,Bnei_brak_highway4,0.34
16/05/2020,Bnei_brak_highway4,0.34375
01/06/2020,Bnei_brak_highway4,0.3
16/06/2020,Bnei_brak_highway4,0.313333333
01/07/2020,Bnei_brak_highway4,0.333333333
16/07/2020,Bnei_brak_highway4,0.34375
01/08/2020,Bnei_brak_highway4,0.353333333
16/08/2020,Bnei_brak_highway4,0.3625
01/09/2020,Bnei_brak_highway4,0.453333333
16/09/2020,Bnei_brak_highway4,0.313333333
01/10/2020,Bnei_brak_highway4,0.413333333
16/10/2020,Bnei_brak_highway4,0.55
01/11/2020,Bnei_brak_highway4,0.56
16/11/2020,Bnei_brak_highway4,0.66
01/12/2020,Bnei_brak_highway4,0.706666667
16/12/2020,Bnei_brak_highway4,0.6
01/01/2021,Bnei_brak_highway4,0.64
16/01/2021,Bnei_brak_highway4,0.425
01/02/2021,Bnei_brak_highway4,0.65
16/02/2021,Bnei_brak_highway4,0.492307692
01/03/2021,Bnei_brak_highway4,0.473333333
16/03/2021,Bnei_brak_highway4,0.46875
01/04/2021,Bnei_brak_highway4,0.406666667
16/04/2021,Bnei_brak_highway4,0.526666667
01/05/2021,Bnei_brak_highway4,0.466666667
16/05/2021,Bnei_brak_highway4,0.3125
01/06/2021,Bnei_brak_highway4,0.32
16/06/2021,Bnei_brak_highway4,0.346666667
01/07/2021,Bnei_brak_highway4,0.38
16/07/2021,Bnei_brak_highway4,0.37
01/08/2021,Bnei_brak_highway4,0.466666667
16/08/2021,Bnei_brak_highway4,0.3875
01/09/2021,Bnei_brak_highway4,0.326666667
16/09/2021,Bnei_brak_highway4,0.32
01/10/2021,Bnei_brak_highway4,0.426666667
16/10/2021,Bnei_brak_highway4,0.49375
01/11/2021,Bnei_brak_highway4,0.626666667
16/11/2021,Bnei_brak_highway4,0.666666667
01/12/2021,Bnei_brak_highway4,0.666666667
16/12/2021,Bnei_brak_highway4,0.5125
01/01/2022,Bnei_brak_highway4,0.586666667
16/01/2022,Bnei_brak_highway4,0.43125
01/02/2022,Bnei_brak_highway4,0.526666667
16/02/2022,Bnei_brak_highway4,0.476923077
01/03/2022,Bnei_brak_highway4,0.373333333
16/03/2022,Bnei_brak_highway4,0.53125
01/04/2022,Bnei_brak_highway4,0.78
16/04/2022,Bnei_brak_highway4,0.78
01/05/2022,Bnei_brak_highway4,0.333333333
16/05/2022,Bnei_brak_highway4,0.2875
01/06/2022,Bnei_brak_highway4,0.126666667
16/06/2022,Bnei_brak_highway4,0.073333333
01/07/2022,Bnei_brak_highway4,0.133333333
16/07/2022,Bnei_brak_highway4,0.14375
01/08/2022,Bnei_brak_highway4,0.14
16/08/2022,Bnei_brak_highway4,0.15625
01/09/2022,Bnei_brak_highway4,0.106666667
16/09/2022,Bnei_brak_highway4,0.173333333
01/10/2022,Bnei_brak_highway4,0.253333333
16/10/2022,Bnei_brak_highway4,0.40625
01/11/2022,Bnei_brak_highway4,0.364285714
16/11/2022,Bnei_brak_highway4,0.4
01/12/2022,Bnei_brak_highway4,0.564285714
16/12/2022,Bnei_brak_highway4,0.3125
01/01/2023,Bnei_brak_highway4,0.357142857
16/01/2023,Bnei_brak_highway4,0.457142857
01/02/2023,Bnei_brak_highway4,0.313333333
16/02/2023,Bnei_brak_highway4,0.415384615
01/03/2023,Bnei_brak_highway4,0.36
16/03/2023,Bnei_brak_highway4,0.4125
01/04/2023,Bnei_brak_highway4,0.326666667
16/04/2023,Bnei_brak_highway4,0.266666667
01/05/2023,Bnei_brak_highway4,0.246666667
16/05/2023,Bnei_brak_highway4,0.19375
01/06/2023,Bnei_brak_highway4,0.333333333
16/06/2023,Bnei_brak_highway4,0.373333333
01/07/2023,Bnei_brak_highway4,0.313333333
16/07/2023,Bnei_brak_highway4,0.218181818
01/08/2023,Bnei_brak_highway4,0.107142857
16/08/2023,Bnei_brak_highway4,0.075
01/09/2023,Bnei_brak_highway4,0.2
16/09/2023,Bnei_brak_highway4,0.22
01/10/2023,Bnei_brak_highway4,0.193333333
16/10/2023,Bnei_brak_highway4,0.275
01/11/2023,Bnei_brak_highway4,0.422222222
16/11/2023,Bnei_brak_highway4,0.333333333
01/12/2023,Bnei_brak_highway4,0.633333333
16/12/2023,Bnei_brak_highway4,0.8375
01/01/2024,Bnei_brak_highway4,0.933333333
16/01/2024,Bnei_brak_highway4,0.75
01/02/2024,Bnei_brak_highway4,0.686666667
16/02/2024,Bnei_brak_highway4,0.607142857
01/03/2024,Bnei_brak_highway4,0.473333333
16/03/2024,Bnei_brak_highway4,0.1875
01/04/2024,Bnei_brak_highway4,0.326666667
16/04/2024,Bnei_brak_highway4,0.353333333
01/05/2024,Bnei_brak_highway4,0.333333333
16/05/2024,Bnei_brak_highway4,0.406666667
01/06/2024,Bnei_brak_highway4,0.446666667
16/06/2024,Bnei_brak_highway4,0.473333333
01/07/2024,Bnei_brak_highway4,0.32
16/07/2024,Bnei_brak_highway4,0.3375
01/08/2024,Bnei_brak_highway4,0.48
16/08/2024,Bnei_brak_highway4,0.56875
01/09/2024,Bnei_brak_highway4,0.433333333
16/09/2024,Bnei_brak_highway4,0.26
01/10/2024,Bnei_brak_highway4,0.166666667
16/10/2024,Bnei_brak_highway4,0.2375
01/11/2024,Bnei_brak_highway4,0.285714286
16/11/2024,Bnei_brak_highway4,0.3
01/12/2024,Bnei_brak_highway4,0.346666667
16/12/2024,Bnei_brak_highway4,0.363636364
01/01/2025,Bnei_brak_highway4,0.56
16/01/2025,Bnei_brak_highway4,0.83125
01/02/2025,Bnei_brak_highway4,0.933333333
16/02/2025,Bnei_brak_highway4,0.892307692
01/01/2010,Jerusalem_Bar_Ilan,0.892857143
16/01/2010,Jerusalem_Bar_Ilan,0.778571429
01/02/2010,Jerusalem_Bar_Ilan,0.906666667
16/02/2010,Jerusalem_Bar_Ilan,0.830769231
01/03/2010,Jerusalem_Bar_Ilan,0.846666667
16/03/2010,Jerusalem_Bar_Ilan,0.725
01/04/2010,Jerusalem_Bar_Ilan,0.88
16/04/2010,Jerusalem_Bar_Ilan,0.826666667
01/05/2010,Jerusalem_Bar_Ilan,0.773333333
16/05/2010,Jerusalem_Bar_Ilan,0.84375
01/06/2010,Jerusalem_Bar_Ilan,0.86
16/06/2010,Jerusalem_Bar_Ilan,0.846666667
01/07/2010,Jerusalem_Bar_Ilan,0.9
16/07/2010,Jerusalem_Bar_Ilan,0.88125
01/08/2010,Jerusalem_Bar_Ilan,0.98
16/08/2010,Jerusalem_Bar_Ilan,1.08125
01/09/2010,Jerusalem_Bar_Ilan,0.873333333
16/09/2010,Jerusalem_Bar_Ilan,1.013333333
01/10/2010,Jerusalem_Bar_Ilan,0.946666667
16/10/2010,Jerusalem_Bar_Ilan,0.9625
01/11/2010,Jerusalem_Bar_Ilan,1.073333333
16/11/2010,Jerusalem_Bar_Ilan,1.093333333
01/12/2010,Jerusalem_Bar_Ilan,1.02
16/12/2010,Jerusalem_Bar_Ilan,1.090909091
01/01/2011,Jerusalem_Bar_Ilan,0.953333333
16/01/2011,Jerusalem_Bar_Ilan,0.95625
01/02/2011,Jerusalem_Bar_Ilan,0.946666667
16/02/2011,Jerusalem_Bar_Ilan,0.955555556
01/03/2011,Jerusalem_Bar_Ilan,0.98
16/03/2011,Jerusalem_Bar_Ilan,0.94375
01/04/2011,Jerusalem_Bar_Ilan,0.946666667
16/04/2011,Jerusalem_Bar_Ilan,0.866666667
01/05/2011,Jerusalem_Bar_Ilan,0.463636364
16/05/2011,Jerusalem_Bar_Ilan,0.54375
01/06/2011,Jerusalem_Bar_Ilan,0.476923077
16/06/2011,Jerusalem_Bar_Ilan,0.492307692
01/07/2011,Jerusalem_Bar_Ilan,0.476923077
16/07/2011,Jerusalem_Bar_Ilan,0.4375
01/08/2011,Jerusalem_Bar_Ilan,0.546666667
16/08/2011,Jerusalem_Bar_Ilan,0.55
01/09/2011,Jerusalem_Bar_Ilan,0.673333333
16/09/2011,Jerusalem_Bar_Ilan,0.546153846
01/10/2011,Jerusalem_Bar_Ilan,0.491666667
16/10/2011,Jerusalem_Bar_Ilan,0.03
01/11/2011,Jerusalem_Bar_Ilan,0.13
16/11/2011,Jerusalem_Bar_Ilan,0.1
01/12/2011,Jerusalem_Bar_Ilan,0.18
16/12/2011,Jerusalem_Bar_Ilan,0.123076923
01/01/2012,Jerusalem_Bar_Ilan,0.206666667
16/01/2012,Jerusalem_Bar_Ilan,0.21875
01/02/2012,Jerusalem_Bar_Ilan,0.386666667
16/02/2012,Jerusalem_Bar_Ilan,0.4
01/03/2012,Jerusalem_Bar_Ilan,0.36
16/03/2012,Jerusalem_Bar_Ilan,0.5
01/04/2012,Jerusalem_Bar_Ilan,0.533333333
16/04/2012,Jerusalem_Bar_Ilan,0.306666667
01/05/2012,Jerusalem_Bar_Ilan,0.633333333
16/05/2012,Jerusalem_Bar_Ilan,0.25
01/06/2012,Jerusalem_Bar_Ilan,0.353333333
16/06/2012,Jerusalem_Bar_Ilan,0.366666667
01/07/2012,Jerusalem_Bar_Ilan,0.346666667
16/07/2012,Jerusalem_Bar_Ilan,0.4125
01/08/2012,Jerusalem_Bar_Ilan,0.306666667
16/08/2012,Jerusalem_Bar_Ilan,0.29375
01/09/2012,Jerusalem_Bar_Ilan,0.34
16/09/2012,Jerusalem_Bar_Ilan,0.18
01/10/2012,Jerusalem_Bar_Ilan,0.146666667
16/10/2012,Jerusalem_Bar_Ilan,0.221428571
01/11/2012,Jerusalem_Bar_Ilan,0.186666667
16/11/2012,Jerusalem_Bar_Ilan,0.266666667
01/12/2012,Jerusalem_Bar_Ilan,0.326666667
16/12/2012,Jerusalem_Bar_Ilan,0.2625
01/01/2013,Jerusalem_Bar_Ilan,0.186666667
16/01/2013,Jerusalem_Bar_Ilan,0.246153846
01/02/2013,Jerusalem_Bar_Ilan,0.253333333
16/02/2013,Jerusalem_Bar_Ilan,0.184615385
01/03/2013,Jerusalem_Bar_Ilan,0.26
16/03/2013,Jerusalem_Bar_Ilan,0.21875
01/04/2013,Jerusalem_Bar_Ilan,0.046666667
16/04/2013,Jerusalem_Bar_Ilan,0.093333333
01/05/2013,Jerusalem_Bar_Ilan,0.083333333
16/05/2013,Jerusalem_Bar_Ilan,0.43125
01/06/2013,Jerusalem_Bar_Ilan,0.313333333
16/06/2013,Jerusalem_Bar_Ilan,0.29
01/07/2013,Jerusalem_Bar_Ilan,0.328571429
16/07/2013,Jerusalem_Bar_Ilan,0.353333333
01/08/2013,Jerusalem_Bar_Ilan,0.38
16/08/2013,Jerusalem_Bar_Ilan,0.375
01/09/2013,Jerusalem_Bar_Ilan,0.361538462
16/09/2013,Jerusalem_Bar_Ilan,0.278571429
01/10/2013,Jerusalem_Bar_Ilan,0.346666667
16/10/2013,Jerusalem_Bar_Ilan,0.40625
01/11/2013,Jerusalem_Bar_Ilan,0.438461538
16/11/2013,Jerusalem_Bar_Ilan,0.493333333
01/12/2013,Jerusalem_Bar_Ilan,0.353846154
16/12/2013,Jerusalem_Bar_Ilan,0.533333333
01/01/2014,Jerusalem_Bar_Ilan,0.6
16/01/2014,Jerusalem_Bar_Ilan,0.5375
01/02/2014,Jerusalem_Bar_Ilan,0.446666667
16/02/2014,Jerusalem_Bar_Ilan,0.507692308
01/03/2014,Jerusalem_Bar_Ilan,0.373333333
16/03/2014,Jerusalem_Bar_Ilan,0.4125
01/04/2014,Jerusalem_Bar_Ilan,0.4
16/04/2014,Jerusalem_Bar_Ilan,0.333333333
01/05/2014,Jerusalem_Bar_Ilan,0.333333333
16/05/2014,Jerusalem_Bar_Ilan,0.39375
01/06/2014,Jerusalem_Bar_Ilan,0.333333333
16/06/2014,Jerusalem_Bar_Ilan,0.38
01/07/2014,Jerusalem_Bar_Ilan,0.328571429
16/07/2014,Jerusalem_Bar_Ilan,0.3625
01/08/2014,Jerusalem_Bar_Ilan,0.393333333
16/08/2014,Jerusalem_Bar_Ilan,0.40625
01/09/2014,Jerusalem_Bar_Ilan,0.4
16/09/2014,Jerusalem_Bar_Ilan,0.38
01/10/2014,Jerusalem_Bar_Ilan,0.42
16/10/2014,Jerusalem_Bar_Ilan,0.40625
01/11/2014,Jerusalem_Bar_Ilan,0.433333333
16/11/2014,Jerusalem_Bar_Ilan,0.386666667
01/12/2014,Jerusalem_Bar_Ilan,0.493333333
16/12/2014,Jerusalem_Bar_Ilan,0.50625
01/01/2015,Jerusalem_Bar_Ilan,0.32
16/01/2015,Jerusalem_Bar_Ilan,0.53125
01/02/2015,Jerusalem_Bar_Ilan,0.38
16/02/2015,Jerusalem_Bar_Ilan,0.376923077
01/03/2015,Jerusalem_Bar_Ilan,0.38
16/03/2015,Jerusalem_Bar_Ilan,0.3375
01/04/2015,Jerusalem_Bar_Ilan,0.313333333
16/04/2015,Jerusalem_Bar_Ilan,0.36
01/05/2015,Jerusalem_Bar_Ilan,0.36
16/05/2015,Jerusalem_Bar_Ilan,0.278571429
01/06/2015,Jerusalem_Bar_Ilan,0.307692308
16/06/2015,Jerusalem_Bar_Ilan,0.3
01/07/2015,Jerusalem_Bar_Ilan,0.333333333
16/07/2015,Jerusalem_Bar_Ilan,0.34
01/08/2015,Jerusalem_Bar_Ilan,0.366666667
16/08/2015,Jerusalem_Bar_Ilan,0.34375
01/09/2015,Jerusalem_Bar_Ilan,0.4
16/09/2015,Jerusalem_Bar_Ilan,0.326666667
01/10/2015,Jerusalem_Bar_Ilan,0.313333333
16/10/2015,Jerusalem_Bar_Ilan,0.4
01/11/2015,Jerusalem_Bar_Ilan,0.32
16/11/2015,Jerusalem_Bar_Ilan,0.366666667
01/12/2015,Jerusalem_Bar_Ilan,0.426666667
16/12/2015,Jerusalem_Bar_Ilan,0.4
01/01/2016,Jerusalem_Bar_Ilan,0.366666667
16/01/2016,Jerusalem_Bar_Ilan,0.35625
01/02/2016,Jerusalem_Bar_Ilan,0.42
16/02/2016,Jerusalem_Bar_Ilan,0.407142857
01/03/2016,Jerusalem_Bar_Ilan,0.346666667
16/03/2016,Jerusalem_Bar_Ilan,0.29375
01/04/2016,Jerusalem_Bar_Ilan,0.346666667
16/04/2016,Jerusalem_Bar_Ilan,0.313333333
01/05/2016,Jerusalem_Bar_Ilan,0.34
16/05/2016,Jerusalem_Bar_Ilan,0.36875
01/06/2016,Jerusalem_Bar_Ilan,0.315384615
16/06/2016,Jerusalem_Bar_Ilan,0.35
01/07/2016,Jerusalem_Bar_Ilan,0.313333333
16/07/2016,Jerusalem_Bar_Ilan,0.35625
01/08/2016,Jerusalem_Bar_Ilan,0.446666667
16/08/2016,Jerusalem_Bar_Ilan,0.325
01/09/2016,Jerusalem_Bar_Ilan,0.3
16/09/2016,Jerusalem_Bar_Ilan,0.3
01/10/2016,Jerusalem_Bar_Ilan,0.273333333
16/10/2016,Jerusalem_Bar_Ilan,0.3
01/11/2016,Jerusalem_Bar_Ilan,0.473333333
16/11/2016,Jerusalem_Bar_Ilan,0.313333333
01/12/2016,Jerusalem_Bar_Ilan,0.346666667
16/12/2016,Jerusalem_Bar_Ilan,0.3875
01/01/2017,Jerusalem_Bar_Ilan,0.433333333
16/01/2017,Jerusalem_Bar_Ilan,0.3625
01/02/2017,Jerusalem_Bar_Ilan,0.333333333
16/02/2017,Jerusalem_Bar_Ilan,0.361538462
01/03/2017,Jerusalem_Bar_Ilan,0.34
16/03/2017,Jerusalem_Bar_Ilan,0.35625
01/04/2017,Jerusalem_Bar_Ilan,0.293333333
16/04/2017,Jerusalem_Bar_Ilan,0.3
01/05/2017,Jerusalem_Bar_Ilan,0.333333333
16/05/2017,Jerusalem_Bar_Ilan,0.3
01/06/2017,Jerusalem_Bar_Ilan,0.313333333
16/06/2017,Jerusalem_Bar_Ilan,0.3
01/07/2017,Jerusalem_Bar_Ilan,0.34
16/07/2017,Jerusalem_Bar_Ilan,0.276923077
01/08/2017,Jerusalem_Bar_Ilan,0.366666667
16/08/2017,Jerusalem_Bar_Ilan,0.371428571
01/09/2017,Jerusalem_Bar_Ilan,0.386666667
16/09/2017,Jerusalem_Bar_Ilan,0.377777778
01/10/2017,Jerusalem_Bar_Ilan,0.286666667
16/10/2017,Jerusalem_Bar_Ilan,0.346666667
01/11/2017,Jerusalem_Bar_Ilan,0.335714286
16/11/2017,Jerusalem_Bar_Ilan,0.446666667
01/12/2017,Jerusalem_Bar_Ilan,0.4
16/12/2017,Jerusalem_Bar_Ilan,0.58125
01/01/2018,Jerusalem_Bar_Ilan,0.36
16/01/2018,Jerusalem_Bar_Ilan,0.31875
01/02/2018,Jerusalem_Bar_Ilan,0.513333333
16/02/2018,Jerusalem_Bar_Ilan,0.376923077
01/03/2018,Jerusalem_Bar_Ilan,0.406666667
16/03/2018,Jerusalem_Bar_Ilan,0.4
01/04/2018,Jerusalem_Bar_Ilan,0.323076923
16/04/2018,Jerusalem_Bar_Ilan,0.34
01/05/2018,Jerusalem_Bar_Ilan,0.32
16/05/2018,Jerusalem_Bar_Ilan,0.31875
01/06/2018,Jerusalem_Bar_Ilan,0.306666667
16/06/2018,Jerusalem_Bar_Ilan,0.293333333
01/07/2018,Jerusalem_Bar_Ilan,0.32
16/07/2018,Jerusalem_Bar_Ilan,0.325
01/08/2018,Jerusalem_Bar_Ilan,0.313333333
16/08/2018,Jerusalem_Bar_Ilan,0.31875
01/09/2018,Jerusalem_Bar_Ilan,0.346666667
16/09/2018,Jerusalem_Bar_Ilan,0.306666667
01/10/2018,Jerusalem_Bar_Ilan,0.326666667
16/10/2018,Jerusalem_Bar_Ilan,0.3
01/11/2018,Jerusalem_Bar_Ilan,0.306666667
16/11/2018,Jerusalem_Bar_Ilan,0.42
01/12/2018,Jerusalem_Bar_Ilan,0.3
16/12/2018,Jerusalem_Bar_Ilan,0.34375
01/01/2019,Jerusalem_Bar_Ilan,0.284615385
16/01/2019,Jerusalem_Bar_Ilan,0.35
01/02/2019,Jerusalem_Bar_Ilan,0.326666667
16/02/2019,Jerusalem_Bar_Ilan,0.307692308
01/03/2019,Jerusalem_Bar_Ilan,0.32
16/03/2019,Jerusalem_Bar_Ilan,0.29375
01/04/2019,Jerusalem_Bar_Ilan,0.3
16/04/2019,Jerusalem_Bar_Ilan,0.246666667
01/05/2019,Jerusalem_Bar_Ilan,0.25
16/05/2019,Jerusalem_Bar_Ilan,0.36
01/06/2019,Jerusalem_Bar_Ilan,0.207692308
16/06/2019,Jerusalem_Bar_Ilan,0.246666667
01/07/2019,Jerusalem_Bar_Ilan,0.246666667
16/07/2019,Jerusalem_Bar_Ilan,0.24375
01/08/2019,Jerusalem_Bar_Ilan,0.236363636
16/08/2019,Jerusalem_Bar_Ilan,0.31875
01/09/2019,Jerusalem_Bar_Ilan,0.306666667
16/09/2019,Jerusalem_Bar_Ilan,0.326666667
01/10/2019,Jerusalem_Bar_Ilan,0.313333333
16/10/2019,Jerusalem_Bar_Ilan,0.325
01/11/2019,Jerusalem_Bar_Ilan,0.32
16/11/2019,Jerusalem_Bar_Ilan,0.328571429
01/12/2019,Jerusalem_Bar_Ilan,0.306666667
16/12/2019,Jerusalem_Bar_Ilan,0.3375
01/01/2020,Jerusalem_Bar_Ilan,0.3
16/01/2020,Jerusalem_Bar_Ilan,0.325
01/02/2020,Jerusalem_Bar_Ilan,0.32
16/02/2020,Jerusalem_Bar_Ilan,0.364285714
01/03/2020,Jerusalem_Bar_Ilan,0.313333333
16/03/2020,Jerusalem_Bar_Ilan,0.26875
01/04/2020,Jerusalem_Bar_Ilan,0.206666667
16/04/2020,Jerusalem_Bar_Ilan,0.226666667
01/05/2020,Jerusalem_Bar_Ilan,0.273333333
16/05/2020,Jerusalem_Bar_Ilan,0.275
01/06/2020,Jerusalem_Bar_Ilan,0.286666667
16/06/2020,Jerusalem_Bar_Ilan,0.286666667
01/07/2020,Jerusalem_Bar_Ilan,0.32
16/07/2020,Jerusalem_Bar_Ilan,0.326666667
01/08/2020,Jerusalem_Bar_Ilan,0.333333333
16/08/2020,Jerusalem_Bar_Ilan,0.375
01/09/2020,Jerusalem_Bar_Ilan,0.45
16/09/2020,Jerusalem_Bar_Ilan,0.34
01/10/2020,Jerusalem_Bar_Ilan,0.32
16/10/2020,Jerusalem_Bar_Ilan,0.40625
01/11/2020,Jerusalem_Bar_Ilan,0.36
16/11/2020,Jerusalem_Bar_Ilan,0.371428571
01/12/2020,Jerusalem_Bar_Ilan,0.626666667
16/12/2020,Jerusalem_Bar_Ilan,0.4
01/01/2021,Jerusalem_Bar_Ilan,0.346153846
16/01/2021,Jerusalem_Bar_Ilan,0.2875
01/02/2021,Jerusalem_Bar_Ilan,0.42
16/02/2021,Jerusalem_Bar_Ilan,0.307692308
01/03/2021,Jerusalem_Bar_Ilan,0.326666667
16/03/2021,Jerusalem_Bar_Ilan,0.325
01/04/2021,Jerusalem_Bar_Ilan,0.306666667
16/04/2021,Jerusalem_Bar_Ilan,0.333333333
01/05/2021,Jerusalem_Bar_Ilan,0.293333333
16/05/2021,Jerusalem_Bar_Ilan,0.2875
01/06/2021,Jerusalem_Bar_Ilan,0.28
16/06/2021,Jerusalem_Bar_Ilan,0.3
01/07/2021,Jerusalem_Bar_Ilan,0.32
16/07/2021,Jerusalem_Bar_Ilan,0.3375
01/08/2021,Jerusalem_Bar_Ilan,0.393333333
16/08/2021,Jerusalem_Bar_Ilan,0.3625
01/09/2021,Jerusalem_Bar_Ilan,0.3
16/09/2021,Jerusalem_Bar_Ilan,0.273333333
01/10/2021,Jerusalem_Bar_Ilan,0.366666667
16/10/2021,Jerusalem_Bar_Ilan,0.35
01/11/2021,Jerusalem_Bar_Ilan,0.36
16/11/2021,Jerusalem_Bar_Ilan,0.46
01/12/2021,Jerusalem_Bar_Ilan,0.366666667
16/12/2021,Jerusalem_Bar_Ilan,0.33125
01/01/2022,Jerusalem_Bar_Ilan,0.386666667
16/01/2022,Jerusalem_Bar_Ilan,0.3375
01/02/2022,Jerusalem_Bar_Ilan,0.373333333
16/02/2022,Jerusalem_Bar_Ilan,0.392307692
01/03/2022,Jerusalem_Bar_Ilan,0.5
16/03/2022,Jerusalem_Bar_Ilan,0.615384615
01/04/2022,Jerusalem_Bar_Ilan,
16/04/2022,Jerusalem_Bar_Ilan,0.566666667
01/05/2022,Jerusalem_Bar_Ilan,0.476923077
16/05/2022,Jerusalem_Bar_Ilan,0.43125
01/06/2022,Jerusalem_Bar_Ilan,0.164285714
16/06/2022,Jerusalem_Bar_Ilan,0.393333333
01/07/2022,Jerusalem_Bar_Ilan,0.753333333
16/07/2022,Jerusalem_Bar_Ilan,0.54375
01/08/2022,Jerusalem_Bar_Ilan,0.673333333
16/08/2022,Jerusalem_Bar_Ilan,0.59375
01/09/2022,Jerusalem_Bar_Ilan,0.46
16/09/2022,Jerusalem_Bar_Ilan,0.32
01/10/2022,Jerusalem_Bar_Ilan,0.693333333
16/10/2022,Jerusalem_Bar_Ilan,0.71875
01/11/2022,Jerusalem_Bar_Ilan,0.541666667
16/11/2022,Jerusalem_Bar_Ilan,0.466666667
01/12/2022,Jerusalem_Bar_Ilan,0.82
16/12/2022,Jerusalem_Bar_Ilan,0.50625
01/01/2023,Jerusalem_Bar_Ilan,0.58
16/01/2023,Jerusalem_Bar_Ilan,0.725
01/02/2023,Jerusalem_Bar_Ilan,0.526666667
16/02/2023,Jerusalem_Bar_Ilan,0.669230769
01/03/2023,Jerusalem_Bar_Ilan,0.673333333
16/03/2023,Jerusalem_Bar_Ilan,0.66875
01/04/2023,Jerusalem_Bar_Ilan,0.542857143
16/04/2023,Jerusalem_Bar_Ilan,0.713333333
01/05/2023,Jerusalem_Bar_Ilan,0.753333333
16/05/2023,Jerusalem_Bar_Ilan,0.39375
01/06/2023,Jerusalem_Bar_Ilan,0.733333333
16/06/2023,Jerusalem_Bar_Ilan,0.553333333
01/07/2023,Jerusalem_Bar_Ilan,0.693333333
16/07/2023,Jerusalem_Bar_Ilan,0.54375
01/08/2023,Jerusalem_Bar_Ilan,0.626666667
16/08/2023,Jerusalem_Bar_Ilan,0.75625
01/09/2023,Jerusalem_Bar_Ilan,0.553333333
16/09/2023,Jerusalem_Bar_Ilan,0.633333333
01/10/2023,Jerusalem_Bar_Ilan,0.446666667
16/10/2023,Jerusalem_Bar_Ilan,0.6375
01/11/2023,Jerusalem_Bar_Ilan,0.753333333
16/11/2023,Jerusalem_Bar_Ilan,0.446666667
01/12/2023,Jerusalem_Bar_Ilan,0.766666667
16/12/2023,Jerusalem_Bar_Ilan,0.4875
01/01/2024,Jerusalem_Bar_Ilan,0.593333333
16/01/2024,Jerusalem_Bar_Ilan,0.7
01/02/2024,Jerusalem_Bar_Ilan,0.686666667
16/02/2024,Jerusalem_Bar_Ilan,0.763636364
01/03/2024,Jerusalem_Bar_Ilan,0.5
16/03/2024,Jerusalem_Bar_Ilan,0.55
01/04/2024,Jerusalem_Bar_Ilan,0.126666667
16/04/2024,Jerusalem_Bar_Ilan,0.228571429
01/05/2024,Jerusalem_Bar_Ilan,0.271428571
16/05/2024,Jerusalem_Bar_Ilan,0.413333333
01/06/2024,Jerusalem_Bar_Ilan,0.353333333
16/06/2024,Jerusalem_Bar_Ilan,0.58
01/07/2024,Jerusalem_Bar_Ilan,0.141666667
16/07/2024,Jerusalem_Bar_Ilan,0.40625
01/08/2024,Jerusalem_Bar_Ilan,0.206666667
16/08/2024,Jerusalem_Bar_Ilan,0.542857143
01/09/2024,Jerusalem_Bar_Ilan,0.453333333
16/09/2024,Jerusalem_Bar_Ilan,0.153333333
01/10/2024,Jerusalem_Bar_Ilan,0.373333333
16/10/2024,Jerusalem_Bar_Ilan,0.61875
01/11/2024,Jerusalem_Bar_Ilan,0.192857143
16/11/2024,Jerusalem_Bar_Ilan,0.613333333
01/12/2024,Jerusalem_Bar_Ilan,0.92
16/12/2024,Jerusalem_Bar_Ilan,0.7375
01/01/2025,Jerusalem_Bar_Ilan,0.633333333
16/01/2025,Jerusalem_Bar_Ilan,0.60625
01/02/2025,Jerusalem_Bar_Ilan,0.721428571
16/02/2025,Jerusalem_Bar_Ilan,0.707692308
01/01/2010,Ranana_Ahuza,
16/01/2010,Ranana_Ahuza,
01/02/2010,Ranana_Ahuza,
16/02/2010,Ranana_Ahuza,2.3
01/03/2010,Ranana_Ahuza,0.578571429
16/03/2010,Ranana_Ahuza,0.486666667
01/04/2010,Ranana_Ahuza,0.673333333
16/04/2010,Ranana_Ahuza,0.593333333
01/05/2010,Ranana_Ahuza,0.615384615
16/05/2010,Ranana_Ahuza,0.5875
01/06/2010,Ranana_Ahuza,0.58
16/06/2010,Ranana_Ahuza,0.606666667
01/07/2010,Ranana_Ahuza,0.613333333
16/07/2010,Ranana_Ahuza,0.68125
01/08/2010,Ranana_Ahuza,0.693333333
16/08/2010,Ranana_Ahuza,0.7125
01/09/2010,Ranana_Ahuza,0.638461538
16/09/2010,Ranana_Ahuza,0.646666667
01/10/2010,Ranana_Ahuza,0.592307692
16/10/2010,Ranana_Ahuza,0.607142857
01/11/2010,Ranana_Ahuza,0.506666667
16/11/2010,Ranana_Ahuza,0.485714286
01/12/2010,Ranana_Ahuza,0.518181818
16/12/2010,Ranana_Ahuza,0.446666667
01/01/2011,Ranana_Ahuza,0.507142857
16/01/2011,Ranana_Ahuza,0.40625
01/02/2011,Ranana_Ahuza,0.42
16/02/2011,Ranana_Ahuza,0.392307692
01/03/2011,Ranana_Ahuza,0.346666667
16/03/2011,Ranana_Ahuza,0.35625
01/04/2011,Ranana_Ahuza,0.38
16/04/2011,Ranana_Ahuza,0.373333333
01/05/2011,Ranana_Ahuza,0.346666667
16/05/2011,Ranana_Ahuza,0.3875
01/06/2011,Ranana_Ahuza,0.373333333
16/06/2011,Ranana_Ahuza,0.613333333
01/07/2011,Ranana_Ahuza,0.64
16/07/2011,Ranana_Ahuza,0.741666667
01/08/2011,Ranana_Ahuza,0.483333333
16/08/2011,Ranana_Ahuza,0.53125
01/09/2011,Ranana_Ahuza,0.507692308
16/09/2011,Ranana_Ahuza,0.433333333
01/10/2011,Ranana_Ahuza,0.366666667
16/10/2011,Ranana_Ahuza,0.34375
01/11/2011,Ranana_Ahuza,0.386666667
16/11/2011,Ranana_Ahuza,0.346666667
01/12/2011,Ranana_Ahuza,0.32
16/12/2011,Ranana_Ahuza,0.546666667
01/01/2012,Ranana_Ahuza,0.313333333
16/01/2012,Ranana_Ahuza,0.35
01/02/2012,Ranana_Ahuza,0.286666667
16/02/2012,Ranana_Ahuza,0.235714286
01/03/2012,Ranana_Ahuza,0.306666667
16/03/2012,Ranana_Ahuza,0.421428571
01/04/2012,Ranana_Ahuza,0.493333333
16/04/2012,Ranana_Ahuza,0.406666667
01/05/2012,Ranana_Ahuza,0.333333333
16/05/2012,Ranana_Ahuza,0.19375
01/06/2012,Ranana_Ahuza,0.186666667
16/06/2012,Ranana_Ahuza,0.24
01/07/2012,Ranana_Ahuza,0.485714286
16/07/2012,Ranana_Ahuza,0.7375
01/08/2012,Ranana_Ahuza,1.026666667
16/08/2012,Ranana_Ahuza,1.0875
01/09/2012,Ranana_Ahuza,0.886666667
16/09/2012,Ranana_Ahuza,0.433333333
01/10/2012,Ranana_Ahuza,0.635714286
16/10/2012,Ranana_Ahuza,0.325
01/11/2012,Ranana_Ahuza,0.32
16/11/2012,Ranana_Ahuza,0.25
01/12/2012,Ranana_Ahuza,
16/12/2012,Ranana_Ahuza,
01/01/2013,Ranana_Ahuza,0.416666667
16/01/2013,Ranana_Ahuza,0.66875
01/02/2013,Ranana_Ahuza,0.566666667
16/02/2013,Ranana_Ahuza,0.584615385
01/03/2013,Ranana_Ahuza,0.473333333
16/03/2013,Ranana_Ahuza,0.43125
01/04/2013,Ranana_Ahuza,0.453333333
16/04/2013,Ranana_Ahuza,0.453333333
01/05/2013,Ranana_Ahuza,0.5
16/05/2013,Ranana_Ahuza,0.45
01/06/2013,Ranana_Ahuza,0.46
16/06/2013,Ranana_Ahuza,0.46
01/07/2013,Ranana_Ahuza,0.533333333
16/07/2013,Ranana_Ahuza,0.53125
01/08/2013,Ranana_Ahuza,0.513333333
16/08/2013,Ranana_Ahuza,0.525
01/09/2013,Ranana_Ahuza,0.521428571
16/09/2013,Ranana_Ahuza,0.466666667
01/10/2013,Ranana_Ahuza,0.54
16/10/2013,Ranana_Ahuza,0.78125
01/11/2013,Ranana_Ahuza,0.78
16/11/2013,Ranana_Ahuza,0.693333333
01/12/2013,Ranana_Ahuza,0.526666667
16/12/2013,Ranana_Ahuza,0.7125
01/01/2014,Ranana_Ahuza,0.64
16/01/2014,Ranana_Ahuza,0.706666667
01/02/2014,Ranana_Ahuza,0.593333333
16/02/2014,Ranana_Ahuza,0.607692308
01/03/2014,Ranana_Ahuza,0.485714286
16/03/2014,Ranana_Ahuza,0.5
01/04/2014,Ranana_Ahuza,0.393333333
16/04/2014,Ranana_Ahuza,0.373333333
01/05/2014,Ranana_Ahuza,0.533333333
16/05/2014,Ranana_Ahuza,0.39375
01/06/2014,Ranana_Ahuza,0.5
16/06/2014,Ranana_Ahuza,0.42
01/07/2014,Ranana_Ahuza,0.513333333
16/07/2014,Ranana_Ahuza,0.7625
01/08/2014,Ranana_Ahuza,0.433333333
16/08/2014,Ranana_Ahuza,0.45625
01/09/2014,Ranana_Ahuza,0.44
16/09/2014,Ranana_Ahuza,0.44
01/10/2014,Ranana_Ahuza,0.473333333
16/10/2014,Ranana_Ahuza,0.53125
01/11/2014,Ranana_Ahuza,0.513333333
16/11/2014,Ranana_Ahuza,0.46
01/12/2014,Ranana_Ahuza,0.733333333
16/12/2014,Ranana_Ahuza,0.88125
01/01/2015,Ranana_Ahuza,0.413333333
16/01/2015,Ranana_Ahuza,0.69375
01/02/2015,Ranana_Ahuza,0.623076923
16/02/2015,Ranana_Ahuza,0.409090909
01/03/2015,Ranana_Ahuza,0.44
16/03/2015,Ranana_Ahuza,0.39375
01/04/2015,Ranana_Ahuza,0.386666667
16/04/2015,Ranana_Ahuza,0.44
01/05/2015,Ranana_Ahuza,0.44
16/05/2015,Ranana_Ahuza,0.4
01/06/2015,Ranana_Ahuza,0.413333333
16/06/2015,Ranana_Ahuza,0.66
01/07/2015,Ranana_Ahuza,0.773333333
16/07/2015,Ranana_Ahuza,0.75625
01/08/2015,Ranana_Ahuza,0.686666667
16/08/2015,Ranana_Ahuza,0.542857143
01/09/2015,Ranana_Ahuza,0.68
16/09/2015,Ranana_Ahuza,0.7
01/10/2015,Ranana_Ahuza,0.628571429
16/10/2015,Ranana_Ahuza,0.566666667
01/11/2015,Ranana_Ahuza,0.58
16/11/2015,Ranana_Ahuza,0.88
01/12/2015,Ranana_Ahuza,0.946153846
16/12/2015,Ranana_Ahuza,1.075
01/01/2016,Ranana_Ahuza,1.093333333
16/01/2016,Ranana_Ahuza,1.4
01/02/2016,Ranana_Ahuza,1.1
16/02/2016,Ranana_Ahuza,0.914285714
01/03/2016,Ranana_Ahuza,0.5
16/03/2016,Ranana_Ahuza,0.4375
01/04/2016,Ranana_Ahuza,0.513333333
16/04/2016,Ranana_Ahuza,0.6
01/05/2016,Ranana_Ahuza,0.546666667
16/05/2016,Ranana_Ahuza,0.5125
01/06/2016,Ranana_Ahuza,0.48
16/06/2016,Ranana_Ahuza,0.466666667
01/07/2016,Ranana_Ahuza,0.48
16/07/2016,Ranana_Ahuza,0.4625
01/08/2016,Ranana_Ahuza,0.533333333
16/08/2016,Ranana_Ahuza,0.48125
01/09/2016,Ranana_Ahuza,0.5
16/09/2016,Ranana_Ahuza,0.54
01/10/2016,Ranana_Ahuza,0.473333333
16/10/2016,Ranana_Ahuza,0.51875
01/11/2016,Ranana_Ahuza,0.6
16/11/2016,Ranana_Ahuza,0.366666667
01/12/2016,Ranana_Ahuza,0.52
16/12/2016,Ranana_Ahuza,0.51875
01/01/2017,Ranana_Ahuza,0.553846154
16/01/2017,Ranana_Ahuza,0.73125
01/02/2017,Ranana_Ahuza,0.526666667
16/02/2017,Ranana_Ahuza,0.553846154
01/03/2017,Ranana_Ahuza,0.466666667
16/03/2017,Ranana_Ahuza,0.45625
01/04/2017,Ranana_Ahuza,0.393333333
16/04/2017,Ranana_Ahuza,0.393333333
01/05/2017,Ranana_Ahuza,0.413333333
16/05/2017,Ranana_Ahuza,0.38125
01/06/2017,Ranana_Ahuza,0.373333333
16/06/2017,Ranana_Ahuza,0.42
01/07/2017,Ranana_Ahuza,0.413333333
16/07/2017,Ranana_Ahuza,0.427272727
01/08/2017,Ranana_Ahuza,0.393333333
16/08/2017,Ranana_Ahuza,0.425
01/09/2017,Ranana_Ahuza,0.46
16/09/2017,Ranana_Ahuza,0.381818182
01/10/2017,Ranana_Ahuza,0.4
16/10/2017,Ranana_Ahuza,0.476923077
01/11/2017,Ranana_Ahuza,0.455555556
16/11/2017,Ranana_Ahuza,0.62
01/12/2017,Ranana_Ahuza,0.546666667
16/12/2017,Ranana_Ahuza,0.69375
01/01/2018,Ranana_Ahuza,0.546666667
16/01/2018,Ranana_Ahuza,0.527272727
01/02/2018,Ranana_Ahuza,0.814285714
16/02/2018,Ranana_Ahuza,0.2
01/03/2018,Ranana_Ahuza,0.136363636
16/03/2018,Ranana_Ahuza,0.225
01/04/2018,Ranana_Ahuza,0.253333333
16/04/2018,Ranana_Ahuza,0.233333333
01/05/2018,Ranana_Ahuza,0.213333333
16/05/2018,Ranana_Ahuza,0.2375
01/06/2018,Ranana_Ahuza,0.246666667
16/06/2018,Ranana_Ahuza,0.213333333
01/07/2018,Ranana_Ahuza,0.326666667
16/07/2018,Ranana_Ahuza,0.425
01/08/2018,Ranana_Ahuza,0.52
16/08/2018,Ranana_Ahuza,0.58125
01/09/2018,Ranana_Ahuza,0.653333333
16/09/2018,Ranana_Ahuza,0.713333333
01/10/2018,Ranana_Ahuza,0.76
16/10/2018,Ranana_Ahuza,0.8
01/11/2018,Ranana_Ahuza,0.653333333
16/11/2018,Ranana_Ahuza,0.326666667
01/12/2018,Ranana_Ahuza,0.226666667
16/12/2018,Ranana_Ahuza,0.108333333
01/01/2019,Ranana_Ahuza,0.113333333
16/01/2019,Ranana_Ahuza,0.31875
01/02/2019,Ranana_Ahuza,0.273333333
16/02/2019,Ranana_Ahuza,0.276923077
01/03/2019,Ranana_Ahuza,0.08
16/03/2019,Ranana_Ahuza,0.0625
01/04/2019,Ranana_Ahuza,0.06
16/04/2019,Ranana_Ahuza,0.046666667
01/05/2019,Ranana_Ahuza,0.1
16/05/2019,Ranana_Ahuza,0.15
01/06/2019,Ranana_Ahuza,0.106666667
16/06/2019,Ranana_Ahuza,0.115384615
01/07/2019,Ranana_Ahuza,0.01
16/07/2019,Ranana_Ahuza,0.0125
01/08/2019,Ranana_Ahuza,0
16/08/2019,Ranana_Ahuza,0.0125
01/09/2019,Ranana_Ahuza,0.013333333
16/09/2019,Ranana_Ahuza,0.026666667
01/10/2019,Ranana_Ahuza,0.02
16/10/2019,Ranana_Ahuza,0.02
01/11/2019,Ranana_Ahuza,0.058333333
16/11/2019,Ranana_Ahuza,0.07
01/12/2019,Ranana_Ahuza,0.22
16/12/2019,Ranana_Ahuza,0.19375
01/01/2020,Ranana_Ahuza,0.2
16/01/2020,Ranana_Ahuza,0.1
01/02/2020,Ranana_Ahuza,0.14
16/02/2020,Ranana_Ahuza,0.142857143
01/03/2020,Ranana_Ahuza,0.185714286
16/03/2020,Ranana_Ahuza,0.09375
01/04/2020,Ranana_Ahuza,0.146666667
16/04/2020,Ranana_Ahuza,0.28
01/05/2020,Ranana_Ahuza,0.366666667
16/05/2020,Ranana_Ahuza,0.28125
01/06/2020,Ranana_Ahuza,0.213333333
16/06/2020,Ranana_Ahuza,0.22
01/07/2020,Ranana_Ahuza,0.246666667
16/07/2020,Ranana_Ahuza,0.2625
01/08/2020,Ranana_Ahuza,0.266666667
16/08/2020,Ranana_Ahuza,0.31875
01/09/2020,Ranana_Ahuza,0.554545455
16/09/2020,Ranana_Ahuza,0.02
01/10/2020,Ranana_Ahuza,0.053333333
16/10/2020,Ranana_Ahuza,0.3
01/11/2020,Ranana_Ahuza,0.273333333
16/11/2020,Ranana_Ahuza,0.346153846
01/12/2020,Ranana_Ahuza,0.361538462
16/12/2020,Ranana_Ahuza,0.213333333
01/01/2021,Ranana_Ahuza,0.36
16/01/2021,Ranana_Ahuza,0.24375
01/02/2021,Ranana_Ahuza,0.193333333
16/02/2021,Ranana_Ahuza,0.181818182
01/03/2021,Ranana_Ahuza,0.273333333
16/03/2021,Ranana_Ahuza,0.15
01/04/2021,Ranana_Ahuza,0.24
16/04/2021,Ranana_Ahuza,0.3
01/05/2021,Ranana_Ahuza,0.186666667
16/05/2021,Ranana_Ahuza,0.0125
01/06/2021,Ranana_Ahuza,0.013333333
16/06/2021,Ranana_Ahuza,0.006666667
01/07/2021,Ranana_Ahuza,0.033333333
16/07/2021,Ranana_Ahuza,0.08125
01/08/2021,Ranana_Ahuza,0.093333333
16/08/2021,Ranana_Ahuza,0.0625
01/09/2021,Ranana_Ahuza,0.2
16/09/2021,Ranana_Ahuza,0.285714286
01/10/2021,Ranana_Ahuza,0.406666667
16/10/2021,Ranana_Ahuza,0.4
01/11/2021,Ranana_Ahuza,0.113333333
16/11/2021,Ranana_Ahuza,0.32
01/12/2021,Ranana_Ahuza,0.44
16/12/2021,Ranana_Ahuza,0.375
01/01/2022,Ranana_Ahuza,0.333333333
16/01/2022,Ranana_Ahuza,0.16
01/02/2022,Ranana_Ahuza,0.306666667
16/02/2022,Ranana_Ahuza,0.353846154
01/03/2022,Ranana_Ahuza,0.246666667
16/03/2022,Ranana_Ahuza,0.35
01/04/2022,Ranana_Ahuza,0.29
16/04/2022,Ranana_Ahuza,0.366666667
01/05/2022,Ranana_Ahuza,0.386666667
16/05/2022,Ranana_Ahuza,0.335714286
01/06/2022,Ranana_Ahuza,0.171428571
16/06/2022,Ranana_Ahuza,0.12
01/07/2022,Ranana_Ahuza,0.493333333
16/07/2022,Ranana_Ahuza,0.5875
01/08/2022,Ranana_Ahuza,0.593333333
16/08/2022,Ranana_Ahuza,0.56875
01/09/2022,Ranana_Ahuza,0.573333333
16/09/2022,Ranana_Ahuza,0.293333333
01/10/2022,Ranana_Ahuza,0.36
16/10/2022,Ranana_Ahuza,0.4625
01/11/2022,Ranana_Ahuza,0.563636364
16/11/2022,Ranana_Ahuza,0.173333333
01/12/2022,Ranana_Ahuza,0.373333333
16/12/2022,Ranana_Ahuza,0.26875
01/01/2023,Ranana_Ahuza,0.34
16/01/2023,Ranana_Ahuza,0.430769231
01/02/2023,Ranana_Ahuza,0.22
16/02/2023,Ranana_Ahuza,0.333333333
01/03/2023,Ranana_Ahuza,0.266666667
16/03/2023,Ranana_Ahuza,0.3
01/04/2023,Ranana_Ahuza,0.28
16/04/2023,Ranana_Ahuza,0.293333333
01/05/2023,Ranana_Ahuza,0.386666667
16/05/2023,Ranana_Ahuza,0.225
01/06/2023,Ranana_Ahuza,0.133333333
16/06/2023,Ranana_Ahuza,0.253333333
01/07/2023,Ranana_Ahuza,0.133333333
16/07/2023,Ranana_Ahuza,0.21875
01/08/2023,Ranana_Ahuza,0.085714286
16/08/2023,Ranana_Ahuza,0.15
01/09/2023,Ranana_Ahuza,0.24
16/09/2023,Ranana_Ahuza,0.393333333
01/10/2023,Ranana_Ahuza,0.393333333
16/10/2023,Ranana_Ahuza,0.5125
01/11/2023,Ranana_Ahuza,0.453333333
16/11/2023,Ranana_Ahuza,0.193333333
01/12/2023,Ranana_Ahuza,0.333333333
16/12/2023,Ranana_Ahuza,0.2
01/01/2024,Ranana_Ahuza,0.293333333
16/01/2024,Ranana_Ahuza,0.3
01/02/2024,Ranana_Ahuza,0.433333333
16/02/2024,Ranana_Ahuza,0.321428571
01/03/2024,Ranana_Ahuza,0.253333333
16/03/2024,Ranana_Ahuza,0.2875
01/04/2024,Ranana_Ahuza,0.433333333
16/04/2024,Ranana_Ahuza,0.353333333
01/05/2024,Ranana_Ahuza,0.213333333
16/05/2024,Ranana_Ahuza,0.0875
01/06/2024,Ranana_Ahuza,0.392857143
16/06/2024,Ranana_Ahuza,0.166666667
01/07/2024,Ranana_Ahuza,0.333333333
16/07/2024,Ranana_Ahuza,0.3125
01/08/2024,Ranana_Ahuza,0.313333333
16/08/2024,Ranana_Ahuza,0.19
01/09/2024,Ranana_Ahuza,0.075
16/09/2024,Ranana_Ahuza,0.464285714
01/10/2024,Ranana_Ahuza,0.386666667
16/10/2024,Ranana_Ahuza,0.35625
01/11/2024,Ranana_Ahuza,0.233333333
16/11/2024,Ranana_Ahuza,0.38
01/12/2024,Ranana_Ahuza,0.366666667
16/12/2024,Ranana_Ahuza,0.38125
01/01/2025,Ranana_Ahuza,0.38
16/01/2025,Ranana_Ahuza,0.30625
01/02/2025,Ranana_Ahuza,0.26
16/02/2025,Ranana_Ahuza,0.284615385
01/01/2010,Rishon_Herzl,1.086666667
16/01/2010,Rishon_Herzl,0.9125
01/02/2010,Rishon_Herzl,0.941666667
16/02/2010,Rishon_Herzl,0.992307692
01/03/2010,Rishon_Herzl,1.05
16/03/2010,Rishon_Herzl,0.81875
01/04/2010,Rishon_Herzl,0.733333333
16/04/2010,Rishon_Herzl,0.713333333
01/05/2010,Rishon_Herzl,0.930769231
16/05/2010,Rishon_Herzl,0.85625
01/06/2010,Rishon_Herzl,0.853333333
16/06/2010,Rishon_Herzl,0.86
01/07/2010,Rishon_Herzl,0.807692308
16/07/2010,Rishon_Herzl,0.86875
01/08/2010,Rishon_Herzl,0.9
16/08/2010,Rishon_Herzl,0.9375
01/09/2010,Rishon_Herzl,0.86
16/09/2010,Rishon_Herzl,0.88
01/10/2010,Rishon_Herzl,0.913333333
16/10/2010,Rishon_Herzl,1.00625
01/11/2010,Rishon_Herzl,1.092307692
16/11/2010,Rishon_Herzl,1.253333333
01/12/2010,Rishon_Herzl,1.213333333
16/12/2010,Rishon_Herzl,1.20625
01/01/2011,Rishon_Herzl,1.073333333
16/01/2011,Rishon_Herzl,1.05
01/02/2011,Rishon_Herzl,1.009090909
16/02/2011,Rishon_Herzl,0.95
01/03/2011,Rishon_Herzl,0.96
16/03/2011,Rishon_Herzl,0.9375
01/04/2011,Rishon_Herzl,0.373333333
16/04/2011,Rishon_Herzl,0.253333333
01/05/2011,Rishon_Herzl,0.226666667
16/05/2011,Rishon_Herzl,0.275
01/06/2011,Rishon_Herzl,0.233333333
16/06/2011,Rishon_Herzl,0.25
01/07/2011,Rishon_Herzl,0.3
16/07/2011,Rishon_Herzl,0.31875
01/08/2011,Rishon_Herzl,0.273333333
16/08/2011,Rishon_Herzl,0.275
01/09/2011,Rishon_Herzl,0.3
16/09/2011,Rishon_Herzl,0.32
01/10/2011,Rishon_Herzl,0.32
16/10/2011,Rishon_Herzl,0.3375
01/11/2011,Rishon_Herzl,0.393333333
16/11/2011,Rishon_Herzl,0.466666667
01/12/2011,Rishon_Herzl,0.62
16/12/2011,Rishon_Herzl,0.49375
01/01/2012,Rishon_Herzl,0.413333333
16/01/2012,Rishon_Herzl,0.40625
01/02/2012,Rishon_Herzl,0.44
16/02/2012,Rishon_Herzl,0.421428571
01/03/2012,Rishon_Herzl,0.366666667
16/03/2012,Rishon_Herzl,0.33125
01/04/2012,Rishon_Herzl,0.285714286
16/04/2012,Rishon_Herzl,0.278571429
01/05/2012,Rishon_Herzl,0.333333333
16/05/2012,Rishon_Herzl,0.26875
01/06/2012,Rishon_Herzl,0.28
16/06/2012,Rishon_Herzl,0.28
01/07/2012,Rishon_Herzl,0.18
16/07/2012,Rishon_Herzl,0.15
01/08/2012,Rishon_Herzl,0.14
16/08/2012,Rishon_Herzl,0.1
01/09/2012,Rishon_Herzl,0.1
16/09/2012,Rishon_Herzl,0.12
01/10/2012,Rishon_Herzl,0.16
16/10/2012,Rishon_Herzl,0.20625
01/11/2012,Rishon_Herzl,0.192307692
16/11/2012,Rishon_Herzl,0.213333333
01/12/2012,Rishon_Herzl,0.286666667
16/12/2012,Rishon_Herzl,0.25625
01/01/2013,Rishon_Herzl,0.293333333
16/01/2013,Rishon_Herzl,0.276923077
01/02/2013,Rishon_Herzl,0.3
16/02/2013,Rishon_Herzl,0.292307692
01/03/2013,Rishon_Herzl,0.373333333
16/03/2013,Rishon_Herzl,0.21875
01/04/2013,Rishon_Herzl,0.508333333
16/04/2013,Rishon_Herzl,0.446666667
01/05/2013,Rishon_Herzl,0.453333333
16/05/2013,Rishon_Herzl,0.36875
01/06/2013,Rishon_Herzl,0.386666667
16/06/2013,Rishon_Herzl,0.366666667
01/07/2013,Rishon_Herzl,0.44
16/07/2013,Rishon_Herzl,0.74375
01/08/2013,Rishon_Herzl,0.393333333
16/08/2013,Rishon_Herzl,0.428571429
01/09/2013,Rishon_Herzl,0.393333333
16/09/2013,Rishon_Herzl,0.353333333
01/10/2013,Rishon_Herzl,0.406666667
16/10/2013,Rishon_Herzl,0.46875
01/11/2013,Rishon_Herzl,0.513333333
16/11/2013,Rishon_Herzl,0.607692308
01/12/2013,Rishon_Herzl,0.393333333
16/12/2013,Rishon_Herzl,0.61875
01/01/2014,Rishon_Herzl,0.546666667
16/01/2014,Rishon_Herzl,0.5625
01/02/2014,Rishon_Herzl,0.5
16/02/2014,Rishon_Herzl,0.5
01/03/2014,Rishon_Herzl,0.426666667
16/03/2014,Rishon_Herzl,0.425
01/04/2014,Rishon_Herzl,0.393333333
16/04/2014,Rishon_Herzl,0.366666667
01/05/2014,Rishon_Herzl,0.326666667
16/05/2014,Rishon_Herzl,0.35
01/06/2014,Rishon_Herzl,0.3
16/06/2014,Rishon_Herzl,0.366666667
01/07/2014,Rishon_Herzl,0.357142857
16/07/2014,Rishon_Herzl,0.33125
01/08/2014,Rishon_Herzl,0.36
16/08/2014,Rishon_Herzl,0.375
01/09/2014,Rishon_Herzl,0.36
16/09/2014,Rishon_Herzl,0.38
01/10/2014,Rishon_Herzl,0.386666667
16/10/2014,Rishon_Herzl,0.428571429
01/11/2014,Rishon_Herzl,0.486666667
16/11/2014,Rishon_Herzl,0.44
01/12/2014,Rishon_Herzl,0.62
16/12/2014,Rishon_Herzl,0.5875
01/01/2015,Rishon_Herzl,0.713333333
16/01/2015,Rishon_Herzl,0.675
01/02/2015,Rishon_Herzl,0.48
16/02/2015,Rishon_Herzl,0.45
01/03/2015,Rishon_Herzl,0.6
16/03/2015,Rishon_Herzl,0.41875
01/04/2015,Rishon_Herzl,0.386666667
16/04/2015,Rishon_Herzl,0.44
01/05/2015,Rishon_Herzl,0.393333333
16/05/2015,Rishon_Herzl,0.3875
01/06/2015,Rishon_Herzl,0.406666667
16/06/2015,Rishon_Herzl,0.353333333
01/07/2015,Rishon_Herzl,0.373333333
16/07/2015,Rishon_Herzl,0.38125
01/08/2015,Rishon_Herzl,0.513333333
16/08/2015,Rishon_Herzl,0.44
01/09/2015,Rishon_Herzl,0.418181818
16/09/2015,Rishon_Herzl,0.306666667
01/10/2015,Rishon_Herzl,0.38
16/10/2015,Rishon_Herzl,0.453846154
01/11/2015,Rishon_Herzl,0.453333333
16/11/2015,Rishon_Herzl,0.54
01/12/2015,Rishon_Herzl,0.533333333
16/12/2015,Rishon_Herzl,0.507692308
01/01/2016,Rishon_Herzl,0.54
16/01/2016,Rishon_Herzl,0.557142857
01/02/2016,Rishon_Herzl,0.646666667
16/02/2016,Rishon_Herzl,0.592857143
01/03/2016,Rishon_Herzl,0.490909091
16/03/2016,Rishon_Herzl,0.43125
01/04/2016,Rishon_Herzl,0.485714286
16/04/2016,Rishon_Herzl,0.38
01/05/2016,Rishon_Herzl,0.26
16/05/2016,Rishon_Herzl,0.20625
01/06/2016,Rishon_Herzl,0.2
16/06/2016,Rishon_Herzl,0.186666667
01/07/2016,Rishon_Herzl,0.127272727
16/07/2016,Rishon_Herzl,0.072727273
01/08/2016,Rishon_Herzl,0.066666667
16/08/2016,Rishon_Herzl,0.39375
01/09/2016,Rishon_Herzl,0.506666667
16/09/2016,Rishon_Herzl,0.506666667
01/10/2016,Rishon_Herzl,0.164285714
16/10/2016,Rishon_Herzl,0.513333333
01/11/2016,Rishon_Herzl,0.538461538
16/11/2016,Rishon_Herzl,0.36
01/12/2016,Rishon_Herzl,0.5
16/12/2016,Rishon_Herzl,0.48125
01/01/2017,Rishon_Herzl,0.493333333
16/01/2017,Rishon_Herzl,0.55625
01/02/2017,Rishon_Herzl,0.546666667
16/02/2017,Rishon_Herzl,0.292307692
01/03/2017,Rishon_Herzl,0.393333333
16/03/2017,Rishon_Herzl,0.3875
01/04/2017,Rishon_Herzl,0.293333333
16/04/2017,Rishon_Herzl,0.273333333
01/05/2017,Rishon_Herzl,0.3
16/05/2017,Rishon_Herzl,0.225
01/06/2017,Rishon_Herzl,0.373333333
16/06/2017,Rishon_Herzl,0.26
01/07/2017,Rishon_Herzl,0.286666667
16/07/2017,Rishon_Herzl,0.225
01/08/2017,Rishon_Herzl,0.28
16/08/2017,Rishon_Herzl,0.25625
01/09/2017,Rishon_Herzl,0.266666667
16/09/2017,Rishon_Herzl,0.213333333
01/10/2017,Rishon_Herzl,0.123076923
16/10/2017,Rishon_Herzl,0.15625
01/11/2017,Rishon_Herzl,0.157142857
16/11/2017,Rishon_Herzl,0.12
01/12/2017,Rishon_Herzl,0.186666667
16/12/2017,Rishon_Herzl,0.225
01/01/2018,Rishon_Herzl,0.18
16/01/2018,Rishon_Herzl,0.1625
01/02/2018,Rishon_Herzl,0.3
16/02/2018,Rishon_Herzl,0.561538462
01/03/2018,Rishon_Herzl,0.766666667
16/03/2018,Rishon_Herzl,0.88125
01/04/2018,Rishon_Herzl,0.893333333
16/04/2018,Rishon_Herzl,0.92
01/05/2018,Rishon_Herzl,0.676923077
16/05/2018,Rishon_Herzl,0.3625
01/06/2018,Rishon_Herzl,0.386666667
16/06/2018,Rishon_Herzl,0.313333333
01/07/2018,Rishon_Herzl,0.373333333
16/07/2018,Rishon_Herzl,0.51875
01/08/2018,Rishon_Herzl,0.64
16/08/2018,Rishon_Herzl,0.74375
01/09/2018,Rishon_Herzl,0.913333333
16/09/2018,Rishon_Herzl,1.006666667
01/10/2018,Rishon_Herzl,0.68
16/10/2018,Rishon_Herzl,0.60625
01/11/2018,Rishon_Herzl,0.906666667
16/11/2018,Rishon_Herzl,0.666666667
01/12/2018,Rishon_Herzl,0.76
16/12/2018,Rishon_Herzl,1.03125
01/01/2019,Rishon_Herzl,0.64
16/01/2019,Rishon_Herzl,0.9125
01/02/2019,Rishon_Herzl,0.78
16/02/2019,Rishon_Herzl,0.661538462
01/03/2019,Rishon_Herzl,0.893333333
16/03/2019,Rishon_Herzl,0.8875
01/04/2019,Rishon_Herzl,0.633333333
16/04/2019,Rishon_Herzl,0.386666667
01/05/2019,Rishon_Herzl,0.64
16/05/2019,Rishon_Herzl,0.842857143
01/06/2019,Rishon_Herzl,0.753333333
16/06/2019,Rishon_Herzl,0.8
01/07/2019,Rishon_Herzl,0.793333333
16/07/2019,Rishon_Herzl,0.8625
01/08/2019,Rishon_Herzl,0.926666667
16/08/2019,Rishon_Herzl,0.7375
01/09/2019,Rishon_Herzl,0.686666667
16/09/2019,Rishon_Herzl,0.88
01/10/2019,Rishon_Herzl,0.96
16/10/2019,Rishon_Herzl,0.96875
01/11/2019,Rishon_Herzl,0.86
16/11/2019,Rishon_Herzl,0.76
01/12/2019,Rishon_Herzl,0.886666667
16/12/2019,Rishon_Herzl,0.766666667
01/01/2020,Rishon_Herzl,0.78
16/01/2020,Rishon_Herzl,0.6625
01/02/2020,Rishon_Herzl,0.82
16/02/2020,Rishon_Herzl,0.921428571
01/03/2020,Rishon_Herzl,0.62
16/03/2020,Rishon_Herzl,0.5625
01/04/2020,Rishon_Herzl,0.5
16/04/2020,Rishon_Herzl,0.46
01/05/2020,Rishon_Herzl,0.77
16/05/2020,Rishon_Herzl,0.86875
01/06/2020,Rishon_Herzl,0.92
16/06/2020,Rishon_Herzl,0.6
01/07/2020,Rishon_Herzl,0.426666667
16/07/2020,Rishon_Herzl,0.49375
01/08/2020,Rishon_Herzl,0.513333333
16/08/2020,Rishon_Herzl,0.625
01/09/2020,Rishon_Herzl,0.78
16/09/2020,Rishon_Herzl,0.546666667
01/10/2020,Rishon_Herzl,0.593333333
16/10/2020,Rishon_Herzl,0.9375
01/11/2020,Rishon_Herzl,0.94
16/11/2020,Rishon_Herzl,0.9
01/12/2020,Rishon_Herzl,0.575
16/12/2020,Rishon_Herzl,0.56875
01/01/2021,Rishon_Herzl,0.846666667
16/01/2021,Rishon_Herzl,0.84375
01/02/2021,Rishon_Herzl,0.706666667
16/02/2021,Rishon_Herzl,0.638461538
01/03/2021,Rishon_Herzl,0.753333333
16/03/2021,Rishon_Herzl,0.85
01/04/2021,Rishon_Herzl,0.9
16/04/2021,Rishon_Herzl,0.773333333
01/05/2021,Rishon_Herzl,0.753333333
16/05/2021,Rishon_Herzl,0.65625
01/06/2021,Rishon_Herzl,0.693333333
16/06/2021,Rishon_Herzl,0.686666667
01/07/2021,Rishon_Herzl,0.74
16/07/2021,Rishon_Herzl,0.81875
01/08/2021,Rishon_Herzl,0.993333333
16/08/2021,Rishon_Herzl,0.73125
01/09/2021,Rishon_Herzl,0.58
16/09/2021,Rishon_Herzl,0.66
01/10/2021,Rishon_Herzl,0.753333333
16/10/2021,Rishon_Herzl,0.90625
01/11/2021,Rishon_Herzl,0.793333333
16/11/2021,Rishon_Herzl,0.915384615
01/12/2021,Rishon_Herzl,0.906666667
16/12/2021,Rishon_Herzl,0.86875
01/01/2022,Rishon_Herzl,0.886666667
16/01/2022,Rishon_Herzl,0.83125
01/02/2022,Rishon_Herzl,0.546666667
16/02/2022,Rishon_Herzl,0.607692308
01/03/2022,Rishon_Herzl,0.64
16/03/2022,Rishon_Herzl,0.71875
01/04/2022,Rishon_Herzl,0.526666667
16/04/2022,Rishon_Herzl,0.44
01/05/2022,Rishon_Herzl,0.38
16/05/2022,Rishon_Herzl,0.31875
01/06/2022,Rishon_Herzl,0.278571429
16/06/2022,Rishon_Herzl,0.571428571
01/07/2022,Rishon_Herzl,0.557142857
16/07/2022,Rishon_Herzl,0.714285714
01/08/2022,Rishon_Herzl,0.873333333
16/08/2022,Rishon_Herzl,0.84375
01/09/2022,Rishon_Herzl,0.692307692
16/09/2022,Rishon_Herzl,0.486666667
01/10/2022,Rishon_Herzl,0.54
16/10/2022,Rishon_Herzl,0.6375
01/11/2022,Rishon_Herzl,0.7
16/11/2022,Rishon_Herzl,0.906666667
01/12/2022,Rishon_Herzl,1.22
16/12/2022,Rishon_Herzl,1.033333333
01/01/2023,Rishon_Herzl,0.926666667
16/01/2023,Rishon_Herzl,1.1625
01/02/2023,Rishon_Herzl,0.869230769
16/02/2023,Rishon_Herzl,0.815384615
01/03/2023,Rishon_Herzl,0.88
16/03/2023,Rishon_Herzl,0.9375
01/04/2023,Rishon_Herzl,0.94
16/04/2023,Rishon_Herzl,0.8
01/05/2023,Rishon_Herzl,0.773333333
16/05/2023,Rishon_Herzl,0.69375
01/06/2023,Rishon_Herzl,0.666666667
16/06/2023,Rishon_Herzl,0.606666667
01/07/2023,Rishon_Herzl,0.56
16/07/2023,Rishon_Herzl,0.430769231
01/08/2023,Rishon_Herzl,0.233333333
16/08/2023,Rishon_Herzl,0.3
01/09/2023,Rishon_Herzl,0.506666667
16/09/2023,Rishon_Herzl,0.657142857
01/10/2023,Rishon_Herzl,0.68
16/10/2023,Rishon_Herzl,0.7
01/11/2023,Rishon_Herzl,0.58
16/11/2023,Rishon_Herzl,0.754545455
01/12/2023,Rishon_Herzl,0.546666667
16/12/2023,Rishon_Herzl,0.56875
01/01/2024,Rishon_Herzl,0.826666667
16/01/2024,Rishon_Herzl,0.68125
01/02/2024,Rishon_Herzl,0.713333333
16/02/2024,Rishon_Herzl,0.6
01/03/2024,Rishon_Herzl,0.426666667
16/03/2024,Rishon_Herzl,0.525
01/04/2024,Rishon_Herzl,0.58
16/04/2024,Rishon_Herzl,0.493333333
01/05/2024,Rishon_Herzl,0.46
16/05/2024,Rishon_Herzl,0.425
01/06/2024,Rishon_Herzl,0.366666667
16/06/2024,Rishon_Herzl,0.258333333
01/07/2024,Rishon_Herzl,0.32
16/07/2024,Rishon_Herzl,0.3625
01/08/2024,Rishon_Herzl,0.52
16/08/2024,Rishon_Herzl,0.6
01/09/2024,Rishon_Herzl,0.58
16/09/2024,Rishon_Herzl,0.635714286
01/10/2024,Rishon_Herzl,0.3
16/10/2024,Rishon_Herzl,0.40625
01/11/2024,Rishon_Herzl,0.642857143
16/11/2024,Rishon_Herzl,0.623076923
01/12/2024,Rishon_Herzl,0.933333333
16/12/2024,Rishon_Herzl,1.025
01/01/2025,Rishon_Herzl,1.133333333
16/01/2025,Rishon_Herzl,1.175
01/02/2025,Rishon_Herzl,0.966666667
16/02/2025,Rishon_Herzl,1.046153846
01/01/2010,TLV_Yehuda_Hamacabi,0.892307692
16/01/2010,TLV_Yehuda_Hamacabi,1.4
01/02/2010,TLV_Yehuda_Hamacabi,1.666666667
16/02/2010,TLV_Yehuda_Hamacabi,1.261538462
01/03/2010,TLV_Yehuda_Hamacabi,1.306666667
16/03/2010,TLV_Yehuda_Hamacabi,0.9875
01/04/2010,TLV_Yehuda_Hamacabi,1.026666667
16/04/2010,TLV_Yehuda_Hamacabi,1.1
01/05/2010,TLV_Yehuda_Hamacabi,1.066666667
16/05/2010,TLV_Yehuda_Hamacabi,0.95
01/06/2010,TLV_Yehuda_Hamacabi,0.978571429
16/06/2010,TLV_Yehuda_Hamacabi,0.953333333
01/07/2010,TLV_Yehuda_Hamacabi,0.873333333
16/07/2010,TLV_Yehuda_Hamacabi,0.95625
01/08/2010,TLV_Yehuda_Hamacabi,0.966666667
16/08/2010,TLV_Yehuda_Hamacabi,1.00625
01/09/2010,TLV_Yehuda_Hamacabi,0.946666667
16/09/2010,TLV_Yehuda_Hamacabi,1.013333333
01/10/2010,TLV_Yehuda_Hamacabi,1.066666667
16/10/2010,TLV_Yehuda_Hamacabi,1.2375
01/11/2010,TLV_Yehuda_Hamacabi,1.353333333
16/11/2010,TLV_Yehuda_Hamacabi,1.46
01/12/2010,TLV_Yehuda_Hamacabi,1.526666667
16/12/2010,TLV_Yehuda_Hamacabi,1.3375
01/01/2011,TLV_Yehuda_Hamacabi,1.093333333
16/01/2011,TLV_Yehuda_Hamacabi,1.125
01/02/2011,TLV_Yehuda_Hamacabi,1.007692308
16/02/2011,TLV_Yehuda_Hamacabi,1.023076923
01/03/2011,TLV_Yehuda_Hamacabi,1.02
16/03/2011,TLV_Yehuda_Hamacabi,1.025
01/04/2011,TLV_Yehuda_Hamacabi,1.021428571
16/04/2011,TLV_Yehuda_Hamacabi,1.06
01/05/2011,TLV_Yehuda_Hamacabi,0.893333333
16/05/2011,TLV_Yehuda_Hamacabi,0.993333333
01/06/2011,TLV_Yehuda_Hamacabi,0.9
16/06/2011,TLV_Yehuda_Hamacabi,0.986666667
01/07/2011,TLV_Yehuda_Hamacabi,1
16/07/2011,TLV_Yehuda_Hamacabi,0.75
01/08/2011,TLV_Yehuda_Hamacabi,0.293333333
16/08/2011,TLV_Yehuda_Hamacabi,0.375
01/09/2011,TLV_Yehuda_Hamacabi,0.438461538
16/09/2011,TLV_Yehuda_Hamacabi,0.44
01/10/2011,TLV_Yehuda_Hamacabi,0.513333333
16/10/2011,TLV_Yehuda_Hamacabi,0.4875
01/11/2011,TLV_Yehuda_Hamacabi,0.566666667
16/11/2011,TLV_Yehuda_Hamacabi,0.666666667
01/12/2011,TLV_Yehuda_Hamacabi,0.866666667
16/12/2011,TLV_Yehuda_Hamacabi,0.66875
01/01/2012,TLV_Yehuda_Hamacabi,0.506666667
16/01/2012,TLV_Yehuda_Hamacabi,0.50625
01/02/2012,TLV_Yehuda_Hamacabi,0.62
16/02/2012,TLV_Yehuda_Hamacabi,0.528571429
01/03/2012,TLV_Yehuda_Hamacabi,0.492307692
16/03/2012,TLV_Yehuda_Hamacabi,0.33125
01/04/2012,TLV_Yehuda_Hamacabi,0.366666667
16/04/2012,TLV_Yehuda_Hamacabi,0.34
01/05/2012,TLV_Yehuda_Hamacabi,0.366666667
16/05/2012,TLV_Yehuda_Hamacabi,0.35625
01/06/2012,TLV_Yehuda_Hamacabi,0.313333333
16/06/2012,TLV_Yehuda_Hamacabi,0.308333333
01/07/2012,TLV_Yehuda_Hamacabi,0.341666667
16/07/2012,TLV_Yehuda_Hamacabi,0.40625
01/08/2012,TLV_Yehuda_Hamacabi,0.446666667
16/08/2012,TLV_Yehuda_Hamacabi,0.33125
01/09/2012,TLV_Yehuda_Hamacabi,0.346666667
16/09/2012,TLV_Yehuda_Hamacabi,0.36
01/10/2012,TLV_Yehuda_Hamacabi,0.38
16/10/2012,TLV_Yehuda_Hamacabi,0.59375
01/11/2012,TLV_Yehuda_Hamacabi,0.62
16/11/2012,TLV_Yehuda_Hamacabi,0.6
01/12/2012,TLV_Yehuda_Hamacabi,0.692307692
16/12/2012,TLV_Yehuda_Hamacabi,0.70625
01/01/2013,TLV_Yehuda_Hamacabi,0.62
16/01/2013,TLV_Yehuda_Hamacabi,0.68125
01/02/2013,TLV_Yehuda_Hamacabi,0.626666667
16/02/2013,TLV_Yehuda_Hamacabi,0.541666667
01/03/2013,TLV_Yehuda_Hamacabi,0.45
16/03/2013,TLV_Yehuda_Hamacabi,0.4625
01/04/2013,TLV_Yehuda_Hamacabi,0.413333333
16/04/2013,TLV_Yehuda_Hamacabi,0.427272727
01/05/2013,TLV_Yehuda_Hamacabi,0.46
16/05/2013,TLV_Yehuda_Hamacabi,0.353846154
01/06/2013,TLV_Yehuda_Hamacabi,0.34
16/06/2013,TLV_Yehuda_Hamacabi,0.366666667
01/07/2013,TLV_Yehuda_Hamacabi,0.333333333
16/07/2013,TLV_Yehuda_Hamacabi,0.39375
01/08/2013,TLV_Yehuda_Hamacabi,0.393333333
16/08/2013,TLV_Yehuda_Hamacabi,0.4375
01/09/2013,TLV_Yehuda_Hamacabi,0.36
16/09/2013,TLV_Yehuda_Hamacabi,0.34
01/10/2013,TLV_Yehuda_Hamacabi,0.4
16/10/2013,TLV_Yehuda_Hamacabi,0.5125
01/11/2013,TLV_Yehuda_Hamacabi,0.546666667
16/11/2013,TLV_Yehuda_Hamacabi,0.66
01/12/2013,TLV_Yehuda_Hamacabi,0.466666667
16/12/2013,TLV_Yehuda_Hamacabi,0.78125
01/01/2014,TLV_Yehuda_Hamacabi,0.653333333
16/01/2014,TLV_Yehuda_Hamacabi,0.79375
01/02/2014,TLV_Yehuda_Hamacabi,0.513333333
16/02/2014,TLV_Yehuda_Hamacabi,0.376923077
01/03/2014,TLV_Yehuda_Hamacabi,0.286666667
16/03/2014,TLV_Yehuda_Hamacabi,0.2875
01/04/2014,TLV_Yehuda_Hamacabi,0.253333333
16/04/2014,TLV_Yehuda_Hamacabi,0.22
01/05/2014,TLV_Yehuda_Hamacabi,0.22
16/05/2014,TLV_Yehuda_Hamacabi,0.2
01/06/2014,TLV_Yehuda_Hamacabi,
16/06/2014,TLV_Yehuda_Hamacabi,0.22
01/07/2014,TLV_Yehuda_Hamacabi,0.326666667
16/07/2014,TLV_Yehuda_Hamacabi,0.18125
01/08/2014,TLV_Yehuda_Hamacabi,0.266666667
16/08/2014,TLV_Yehuda_Hamacabi,0.58125
01/09/2014,TLV_Yehuda_Hamacabi,0.366666667
16/09/2014,TLV_Yehuda_Hamacabi,0.36
01/10/2014,TLV_Yehuda_Hamacabi,0.38
16/10/2014,TLV_Yehuda_Hamacabi,0.433333333
01/11/2014,TLV_Yehuda_Hamacabi,0.54
16/11/2014,TLV_Yehuda_Hamacabi,0.466666667
01/12/2014,TLV_Yehuda_Hamacabi,0.72
16/12/2014,TLV_Yehuda_Hamacabi,0.68125
01/01/2015,TLV_Yehuda_Hamacabi,0.373333333
16/01/2015,TLV_Yehuda_Hamacabi,0.75
01/02/2015,TLV_Yehuda_Hamacabi,0.513333333
16/02/2015,TLV_Yehuda_Hamacabi,0.446153846
01/03/2015,TLV_Yehuda_Hamacabi,0.38
16/03/2015,TLV_Yehuda_Hamacabi,0.36875
01/04/2015,TLV_Yehuda_Hamacabi,0.335714286
16/04/2015,TLV_Yehuda_Hamacabi,0.385714286
01/05/2015,TLV_Yehuda_Hamacabi,0.3
16/05/2015,TLV_Yehuda_Hamacabi,0.34375
01/06/2015,TLV_Yehuda_Hamacabi,0.313333333
16/06/2015,TLV_Yehuda_Hamacabi,0.293333333
01/07/2015,TLV_Yehuda_Hamacabi,0.293333333
16/07/2015,TLV_Yehuda_Hamacabi,0.34375
01/08/2015,TLV_Yehuda_Hamacabi,0.373333333
16/08/2015,TLV_Yehuda_Hamacabi,0.325
01/09/2015,TLV_Yehuda_Hamacabi,0.366666667
16/09/2015,TLV_Yehuda_Hamacabi,0.333333333
01/10/2015,TLV_Yehuda_Hamacabi,0.32
16/10/2015,TLV_Yehuda_Hamacabi,0.44375
01/11/2015,TLV_Yehuda_Hamacabi,0.413333333
16/11/2015,TLV_Yehuda_Hamacabi,0.486666667
01/12/2015,TLV_Yehuda_Hamacabi,0.48
16/12/2015,TLV_Yehuda_Hamacabi,0.4
01/01/2016,TLV_Yehuda_Hamacabi,0.18
16/01/2016,TLV_Yehuda_Hamacabi,0.161538462
01/02/2016,TLV_Yehuda_Hamacabi,0.141666667
16/02/2016,TLV_Yehuda_Hamacabi,0.072727273
01/03/2016,TLV_Yehuda_Hamacabi,0.111111111
16/03/2016,TLV_Yehuda_Hamacabi,0.018181818
01/04/2016,TLV_Yehuda_Hamacabi,0.066666667
16/04/2016,TLV_Yehuda_Hamacabi,0.04
01/05/2016,TLV_Yehuda_Hamacabi,0.026666667
16/05/2016,TLV_Yehuda_Hamacabi,0.1
01/06/2016,TLV_Yehuda_Hamacabi,0.213333333
16/06/2016,TLV_Yehuda_Hamacabi,0.186666667
01/07/2016,TLV_Yehuda_Hamacabi,0.22
16/07/2016,TLV_Yehuda_Hamacabi,0.08125
01/08/2016,TLV_Yehuda_Hamacabi,0.16
16/08/2016,TLV_Yehuda_Hamacabi,0.266666667
01/09/2016,TLV_Yehuda_Hamacabi,0.36
16/09/2016,TLV_Yehuda_Hamacabi,0.486666667
01/10/2016,TLV_Yehuda_Hamacabi,0.666666667
16/10/2016,TLV_Yehuda_Hamacabi,0.49375
01/11/2016,TLV_Yehuda_Hamacabi,0.421428571
16/11/2016,TLV_Yehuda_Hamacabi,0.05
01/12/2016,TLV_Yehuda_Hamacabi,0.046153846
16/12/2016,TLV_Yehuda_Hamacabi,0.333333333
01/01/2017,TLV_Yehuda_Hamacabi,0.486666667
16/01/2017,TLV_Yehuda_Hamacabi,0.15
01/02/2017,TLV_Yehuda_Hamacabi,0.106666667
16/02/2017,TLV_Yehuda_Hamacabi,0.2
01/03/2017,TLV_Yehuda_Hamacabi,0.053846154
16/03/2017,TLV_Yehuda_Hamacabi,0.064285714
01/04/2017,TLV_Yehuda_Hamacabi,0.04
16/04/2017,TLV_Yehuda_Hamacabi,0.28
01/05/2017,TLV_Yehuda_Hamacabi,0.38
16/05/2017,TLV_Yehuda_Hamacabi,0.34375
01/06/2017,TLV_Yehuda_Hamacabi,0.286666667
16/06/2017,TLV_Yehuda_Hamacabi,0.346666667
01/07/2017,TLV_Yehuda_Hamacabi,0.4
16/07/2017,TLV_Yehuda_Hamacabi,0.35
01/08/2017,TLV_Yehuda_Hamacabi,0.113333333
16/08/2017,TLV_Yehuda_Hamacabi,0.0625
01/09/2017,TLV_Yehuda_Hamacabi,0.058333333
16/09/2017,TLV_Yehuda_Hamacabi,0
01/10/2017,TLV_Yehuda_Hamacabi,0.011111111
16/10/2017,TLV_Yehuda_Hamacabi,0.046153846
01/11/2017,TLV_Yehuda_Hamacabi,0.077777778
16/11/2017,TLV_Yehuda_Hamacabi,0.042857143
01/12/2017,TLV_Yehuda_Hamacabi,0.17
16/12/2017,TLV_Yehuda_Hamacabi,0.2
01/01/2018,TLV_Yehuda_Hamacabi,0.1
16/01/2018,TLV_Yehuda_Hamacabi,0.069230769
01/02/2018,TLV_Yehuda_Hamacabi,0.366666667
16/02/2018,TLV_Yehuda_Hamacabi,0.569230769
01/03/2018,TLV_Yehuda_Hamacabi,0.753333333
16/03/2018,TLV_Yehuda_Hamacabi,0.85
01/04/2018,TLV_Yehuda_Hamacabi,0.873333333
16/04/2018,TLV_Yehuda_Hamacabi,0.88
01/05/2018,TLV_Yehuda_Hamacabi,0.88
16/05/2018,TLV_Yehuda_Hamacabi,0.91875
01/06/2018,TLV_Yehuda_Hamacabi,0.893333333
16/06/2018,TLV_Yehuda_Hamacabi,0.78
01/07/2018,TLV_Yehuda_Hamacabi,0.486666667
16/07/2018,TLV_Yehuda_Hamacabi,0.58125
01/08/2018,TLV_Yehuda_Hamacabi,0.64
16/08/2018,TLV_Yehuda_Hamacabi,0.633333333
01/09/2018,TLV_Yehuda_Hamacabi,0.433333333
16/09/2018,TLV_Yehuda_Hamacabi,0.48
01/10/2018,TLV_Yehuda_Hamacabi,0.486666667
16/10/2018,TLV_Yehuda_Hamacabi,0.56875
01/11/2018,TLV_Yehuda_Hamacabi,0.553333333
16/11/2018,TLV_Yehuda_Hamacabi,0.78
01/12/2018,TLV_Yehuda_Hamacabi,0.653333333
16/12/2018,TLV_Yehuda_Hamacabi,0.80625
01/01/2019,TLV_Yehuda_Hamacabi,0.92
16/01/2019,TLV_Yehuda_Hamacabi,0.786666667
01/02/2019,TLV_Yehuda_Hamacabi,0.313333333
16/02/2019,TLV_Yehuda_Hamacabi,0.484615385
01/03/2019,TLV_Yehuda_Hamacabi,0.606666667
16/03/2019,TLV_Yehuda_Hamacabi,0.68125
01/04/2019,TLV_Yehuda_Hamacabi,0.806666667
16/04/2019,TLV_Yehuda_Hamacabi,0.386666667
01/05/2019,TLV_Yehuda_Hamacabi,0.526666667
16/05/2019,TLV_Yehuda_Hamacabi,0.8125
01/06/2019,TLV_Yehuda_Hamacabi,0.52
16/06/2019,TLV_Yehuda_Hamacabi,0.466666667
01/07/2019,TLV_Yehuda_Hamacabi,0.48
16/07/2019,TLV_Yehuda_Hamacabi,0.49375
01/08/2019,TLV_Yehuda_Hamacabi,0.528571429
16/08/2019,TLV_Yehuda_Hamacabi,0.592307692
01/09/2019,TLV_Yehuda_Hamacabi,0.6
16/09/2019,TLV_Yehuda_Hamacabi,0.666666667
01/10/2019,TLV_Yehuda_Hamacabi,0.7
16/10/2019,TLV_Yehuda_Hamacabi,0.82
01/11/2019,TLV_Yehuda_Hamacabi,0.82
16/11/2019,TLV_Yehuda_Hamacabi,0.38
01/12/2019,TLV_Yehuda_Hamacabi,0.246153846
16/12/2019,TLV_Yehuda_Hamacabi,0.46875
01/01/2020,TLV_Yehuda_Hamacabi,0.464285714
16/01/2020,TLV_Yehuda_Hamacabi,0.65625
01/02/2020,TLV_Yehuda_Hamacabi,0.68
16/02/2020,TLV_Yehuda_Hamacabi,0.623076923
01/03/2020,TLV_Yehuda_Hamacabi,0.846666667
16/03/2020,TLV_Yehuda_Hamacabi,0.65
01/04/2020,TLV_Yehuda_Hamacabi,0.364285714
16/04/2020,TLV_Yehuda_Hamacabi,0.571428571
01/05/2020,TLV_Yehuda_Hamacabi,0.64
16/05/2020,TLV_Yehuda_Hamacabi,0.675
01/06/2020,TLV_Yehuda_Hamacabi,0.666666667
16/06/2020,TLV_Yehuda_Hamacabi,0.713333333
01/07/2020,TLV_Yehuda_Hamacabi,0.266666667
16/07/2020,TLV_Yehuda_Hamacabi,0.306666667
01/08/2020,TLV_Yehuda_Hamacabi,0.378571429
16/08/2020,TLV_Yehuda_Hamacabi,0.425
01/09/2020,TLV_Yehuda_Hamacabi,0.506666667
16/09/2020,TLV_Yehuda_Hamacabi,0.52
01/10/2020,TLV_Yehuda_Hamacabi,0.65
16/10/2020,TLV_Yehuda_Hamacabi,0.7875
01/11/2020,TLV_Yehuda_Hamacabi,0.826666667
16/11/2020,TLV_Yehuda_Hamacabi,0.766666667
01/12/2020,TLV_Yehuda_Hamacabi,0.657142857
16/12/2020,TLV_Yehuda_Hamacabi,0.52
01/01/2021,TLV_Yehuda_Hamacabi,0.666666667
16/01/2021,TLV_Yehuda_Hamacabi,0.60625
01/02/2021,TLV_Yehuda_Hamacabi,0.84
16/02/2021,TLV_Yehuda_Hamacabi,0.825
01/03/2021,TLV_Yehuda_Hamacabi,0.82
16/03/2021,TLV_Yehuda_Hamacabi,0.657142857
01/04/2021,TLV_Yehuda_Hamacabi,0.385714286
16/04/2021,TLV_Yehuda_Hamacabi,0.52
01/05/2021,TLV_Yehuda_Hamacabi,0.607692308
16/05/2021,TLV_Yehuda_Hamacabi,0.74375
01/06/2021,TLV_Yehuda_Hamacabi,0.553333333
16/06/2021,TLV_Yehuda_Hamacabi,0.406666667
01/07/2021,TLV_Yehuda_Hamacabi,0.573333333
16/07/2021,TLV_Yehuda_Hamacabi,0.65625
01/08/2021,TLV_Yehuda_Hamacabi,0.838461538
16/08/2021,TLV_Yehuda_Hamacabi,0.86875
01/09/2021,TLV_Yehuda_Hamacabi,0.506666667
16/09/2021,TLV_Yehuda_Hamacabi,0.676923077
01/10/2021,TLV_Yehuda_Hamacabi,0.8
16/10/2021,TLV_Yehuda_Hamacabi,0.65
01/11/2021,TLV_Yehuda_Hamacabi,0.806666667
16/11/2021,TLV_Yehuda_Hamacabi,0.913333333
01/12/2021,TLV_Yehuda_Hamacabi,0.814285714
16/12/2021,TLV_Yehuda_Hamacabi,0.6375
01/01/2022,TLV_Yehuda_Hamacabi,0.533333333
16/01/2022,TLV_Yehuda_Hamacabi,0.5
01/02/2022,TLV_Yehuda_Hamacabi,0.721428571
16/02/2022,TLV_Yehuda_Hamacabi,0.792307692
01/03/2022,TLV_Yehuda_Hamacabi,0.613333333
16/03/2022,TLV_Yehuda_Hamacabi,0.475
01/04/2022,TLV_Yehuda_Hamacabi,0.786666667
16/04/2022,TLV_Yehuda_Hamacabi,0.633333333
01/05/2022,TLV_Yehuda_Hamacabi,0.475
16/05/2022,TLV_Yehuda_Hamacabi,0.68
01/06/2022,TLV_Yehuda_Hamacabi,0.7
16/06/2022,TLV_Yehuda_Hamacabi,0.613333333
01/07/2022,TLV_Yehuda_Hamacabi,0.62
16/07/2022,TLV_Yehuda_Hamacabi,0.60625
01/08/2022,TLV_Yehuda_Hamacabi,0.663636364
16/08/2022,TLV_Yehuda_Hamacabi,0.69375
01/09/2022,TLV_Yehuda_Hamacabi,0.666666667
16/09/2022,TLV_Yehuda_Hamacabi,0.733333333
01/10/2022,TLV_Yehuda_Hamacabi,0.738461538
16/10/2022,TLV_Yehuda_Hamacabi,0.85
01/11/2022,TLV_Yehuda_Hamacabi,0.873333333
16/11/2022,TLV_Yehuda_Hamacabi,0.88
01/12/2022,TLV_Yehuda_Hamacabi,1.033333333
16/12/2022,TLV_Yehuda_Hamacabi,0.8125
01/01/2023,TLV_Yehuda_Hamacabi,0.716666667
16/01/2023,TLV_Yehuda_Hamacabi,0.966666667
01/02/2023,TLV_Yehuda_Hamacabi,0.66
16/02/2023,TLV_Yehuda_Hamacabi,0.838461538
01/03/2023,TLV_Yehuda_Hamacabi,0.553333333
16/03/2023,TLV_Yehuda_Hamacabi,0.653846154
01/04/2023,TLV_Yehuda_Hamacabi,0.7
16/04/2023,TLV_Yehuda_Hamacabi,0.62
01/05/2023,TLV_Yehuda_Hamacabi,0.66
16/05/2023,TLV_Yehuda_Hamacabi,0.63125
01/06/2023,TLV_Yehuda_Hamacabi,0.65
16/06/2023,TLV_Yehuda_Hamacabi,0.686666667
01/07/2023,TLV_Yehuda_Hamacabi,0.713333333
16/07/2023,TLV_Yehuda_Hamacabi,0.7375
01/08/2023,TLV_Yehuda_Hamacabi,0.613333333
16/08/2023,TLV_Yehuda_Hamacabi,0.4125
01/09/2023,TLV_Yehuda_Hamacabi,0.426666667
16/09/2023,TLV_Yehuda_Hamacabi,0.427272727
01/10/2023,TLV_Yehuda_Hamacabi,0.815384615
16/10/2023,TLV_Yehuda_Hamacabi,0.83125
01/11/2023,TLV_Yehuda_Hamacabi,0.806666667
16/11/2023,TLV_Yehuda_Hamacabi,0.78
01/12/2023,TLV_Yehuda_Hamacabi,0.92
16/12/2023,TLV_Yehuda_Hamacabi,0.825
01/01/2024,TLV_Yehuda_Hamacabi,0.826666667
16/01/2024,TLV_Yehuda_Hamacabi,0.81875
01/02/2024,TLV_Yehuda_Hamacabi,0.846666667
16/02/2024,TLV_Yehuda_Hamacabi,0.764285714
01/03/2024,TLV_Yehuda_Hamacabi,0.713333333
16/03/2024,TLV_Yehuda_Hamacabi,0.8125
01/04/2024,TLV_Yehuda_Hamacabi,0.706666667
16/04/2024,TLV_Yehuda_Hamacabi,0.66
01/05/2024,TLV_Yehuda_Hamacabi,0.654545455
16/05/2024,TLV_Yehuda_Hamacabi,0.6625
01/06/2024,TLV_Yehuda_Hamacabi,0.66
16/06/2024,TLV_Yehuda_Hamacabi,0.606666667
01/07/2024,TLV_Yehuda_Hamacabi,0.586666667
16/07/2024,TLV_Yehuda_Hamacabi,0.59375
01/08/2024,TLV_Yehuda_Hamacabi,0.6
16/08/2024,TLV_Yehuda_Hamacabi,
01/09/2024,TLV_Yehuda_Hamacabi,0.591666667
16/09/2024,TLV_Yehuda_Hamacabi,0.82
01/10/2024,TLV_Yehuda_Hamacabi,0.626666667
16/10/2024,TLV_Yehuda_Hamacabi,0.64375
01/11/2024,TLV_Yehuda_Hamacabi,0.766666667
16/11/2024,TLV_Yehuda_Hamacabi,0.793333333
01/12/2024,TLV_Yehuda_Hamacabi,0.94
16/12/2024,TLV_Yehuda_Hamacabi,0.84375
01/01/2025,TLV_Yehuda_Hamacabi,0.74
16/01/2025,TLV_Yehuda_Hamacabi,0.83125
01/02/2025,TLV_Yehuda_Hamacabi,0.74
16/02/2025,TLV_Yehuda_Hamacabi,0.607692308
